node_id,paper_id,true_label,gcn_pred,gcn_correct,gat_pred,gat_correct,pca_x,pca_y,pca_z,tsne_x,tsne_y,tsne_z
346,2580068393,arxiv cs lg,arxiv cs ai,False,arxiv cs lg,True,0.37646163,-0.3901862,0.71923953,15.967876,24.083178,-5.359212
398,2625226699,arxiv cs ai,arxiv cs cv,False,arxiv cs cv,False,0.2628423,0.27609587,-0.24091926,2.8601015,6.8710346,10.209682
451,2763049606,arxiv cs lg,arxiv cs cv,False,arxiv cs cv,False,0.27228832,-0.03985262,0.03951837,15.775508,15.444475,3.3110766
480,2775899375,arxiv cs cr,arxiv cs si,False,arxiv cs se,False,-0.54385537,0.10108547,0.08669189,-11.241395,-28.475721,3.9353666
488,2782758897,arxiv cs cg,arxiv cs ds,False,arxiv cs ds,False,0.011448264,0.77581567,0.4043533,-4.257588,17.431118,21.495989
490,2783112387,arxiv cs it,arxiv cs it,True,arxiv cs it,True,0.054531157,0.521621,-0.31870282,-4.9425864,28.342777,-6.5947185
526,2792827505,arxiv cs cv,arxiv cs cv,True,arxiv cs cv,True,0.34788346,-0.15396844,-0.24247855,2.1172523,10.240209,-11.060714
537,2795417538,arxiv cs cv,arxiv cs cv,True,arxiv cs cv,True,0.030519128,0.05436863,-0.05270183,12.97564,-8.120438,25.187206
540,2795999188,arxiv cs cv,arxiv cs cv,True,arxiv cs cv,True,0.69434786,-0.08394636,-0.16741514,9.674559,4.4037333,10.788019
602,2883004598,arxiv cs sy,arxiv cs dc,False,arxiv cs dc,False,-0.34468034,0.48290342,-0.43885303,-19.986301,20.546629,-13.1173
616,2887420797,arxiv cs cv,arxiv cs cv,True,arxiv cs cv,True,0.64240634,-0.89355695,0.07495661,21.044876,13.190935,-13.994726
666,2901574935,arxiv cs et,arxiv cs dc,False,arxiv cs dc,False,-0.4782186,0.30682862,0.09899133,-13.92292,-29.106848,-1.1652552
682,2904145923,arxiv cs lg,arxiv cs lg,True,arxiv cs lg,True,-0.015300751,-0.27732742,-0.01261583,-2.6594858,-4.3945203,-6.520615
683,2905153101,arxiv cs lg,arxiv cs lg,True,arxiv cs lg,True,-0.29156396,0.35775244,-0.11081467,-14.181322,-6.259288,21.546995
685,2906947607,arxiv cs lg,arxiv cs gt,False,arxiv cs gt,False,0.06482053,0.051298738,0.1744108,19.982656,18.015186,12.563521
688,2907886055,arxiv cs cl,arxiv cs cv,False,arxiv cs cv,False,-0.21791458,-0.17855589,0.24237686,1.7548892,-3.9227827,-21.42166
690,2908729273,arxiv cs cv,arxiv cs cv,True,arxiv cs cv,True,0.17203307,0.34500727,-0.23677135,-4.2922363,-0.6559526,19.50605
691,2909002451,arxiv cs it,arxiv cs ni,False,arxiv cs ni,False,0.42683303,0.09734871,-0.32910717,-9.569259,29.149456,-19.041107
692,2909735162,arxiv cs ro,arxiv cs ro,True,arxiv cs ro,True,-0.21437079,-0.113621816,0.03725648,2.4978569,-7.301448,-27.132544
693,2910138965,arxiv cs cv,arxiv cs cv,True,arxiv cs cv,True,0.2709155,0.11071856,0.056770265,11.30368,-10.241973,26.093657
694,2910326436,arxiv cs sd,arxiv cs cv,False,arxiv cs cv,False,0.12211871,-0.311208,0.14173582,18.993929,1.611601,-12.274344
696,2910869157,arxiv cs cc,arxiv cs cc,True,arxiv cs cc,True,-0.30361953,0.53643334,0.64573574,-3.6292431,15.111042,29.99572
697,2911358086,arxiv cs dm,arxiv cs gt,False,arxiv cs gt,False,-0.021271467,0.43106943,0.23576939,-8.195187,13.264756,18.384085
698,2911481909,arxiv cs ro,arxiv cs ro,True,arxiv cs ro,True,0.09050691,0.25918633,-0.4781754,-7.216593,6.9919534,6.444127
699,2911543874,arxiv cs ni,arxiv cs cr,False,arxiv cs cr,False,-0.34793353,0.5060463,0.23235548,7.7731843,-28.162678,11.223524
700,2911610870,arxiv cs it,arxiv cs ni,False,arxiv cs ni,False,-0.2668771,0.15614255,-0.57005817,16.718693,-27.92786,12.954641
701,2911787152,arxiv cs lg,arxiv cs cv,False,arxiv cs cv,False,0.10697478,-0.11549501,-0.10745693,-7.698458,-0.60154235,-0.23561741
702,2911965419,arxiv cs ir,arxiv cs si,False,arxiv cs si,False,-0.2693578,-0.37641537,0.09960775,15.610611,-11.380889,-25.052973
703,2912004605,arxiv cs lg,arxiv cs lg,True,arxiv cs lg,True,-0.22987282,0.40316138,0.22467303,-14.920671,-19.40856,3.8254967
704,2912030092,arxiv cs lg,arxiv cs cv,False,arxiv cs cv,False,-0.07226044,0.006801069,-0.13883066,-11.929294,-2.2261233,0.21784697
705,2912223035,arxiv cs it,arxiv cs ni,False,arxiv cs it,True,-0.2920057,0.120517865,-0.070422836,-6.938445,-9.472908,-20.489851
706,2912477994,arxiv cs cv,arxiv cs cv,True,arxiv cs cv,True,0.29912078,-0.41367477,-0.18965083,18.957754,-10.854653,11.796744
707,2913058692,arxiv cs si,arxiv cs cl,False,arxiv cs cl,False,-0.34496424,-0.21003287,0.13788113,6.2896156,-18.4427,-6.2790823
708,2913079660,arxiv cs sy,arxiv cs lg,False,arxiv cs lg,False,0.35630286,0.037950367,-0.098609366,-3.252332,10.299284,2.9703102
709,2913547314,arxiv cs dc,arxiv cs lg,False,arxiv cs cv,False,-0.37778383,0.26359412,-0.17780247,-21.914835,-7.3472476,-4.4817615
710,2913624634,arxiv cs lg,arxiv cs lg,True,arxiv cs lg,True,0.34744942,-0.021484151,0.46992093,26.40028,14.879756,4.0476546
711,2913687563,arxiv cs lg,arxiv cs lg,True,arxiv cs cv,False,0.5270808,0.37211275,0.25644857,-11.915634,19.358109,7.536742
712,2913789312,arxiv cs cg,arxiv cs cv,False,arxiv cs cv,False,0.2852403,-0.017892376,-0.026744664,15.961513,10.833695,3.0862648
713,2914104942,arxiv cs cv,arxiv cs cv,True,arxiv cs cv,True,-0.3242399,-0.010583565,-0.13807955,-18.251461,-16.876696,-2.993381
714,2914233300,arxiv cs cv,arxiv cs cv,True,arxiv cs cv,True,-0.1765784,0.042803004,-0.19323727,0.23084994,-9.431305,22.252172
715,2914312101,arxiv cs cv,arxiv cs cv,True,arxiv cs cv,True,-0.2988423,0.26354235,-0.03848993,0.8699279,-16.37321,11.176955
716,2914681686,arxiv cs ne,arxiv cs lg,False,arxiv cs cv,False,-0.17084599,0.18261221,-0.23614293,-6.029998,-11.0356245,-2.8261206
717,2914765585,arxiv cs ds,arxiv cs ds,True,arxiv cs ds,True,-0.11358476,0.47361165,-0.010634631,-7.337605,7.257059,16.023483
718,2914808443,arxiv cs lg,arxiv cs ai,False,arxiv cs lg,True,-0.24577159,-0.20974626,0.08206344,-10.033489,-26.77584,-23.944157
719,2914898847,arxiv cs cv,arxiv cs cv,True,arxiv cs cv,True,0.43331325,-0.34262383,-0.40045863,7.558496,5.2694864,-5.1441298
720,2914949667,arxiv cs cv,arxiv cs cv,True,arxiv cs cv,True,-0.33865723,-0.1325127,-0.31379232,-14.644885,-23.14725,16.694967
721,2915918561,arxiv cs cv,arxiv cs cv,True,arxiv cs cv,True,-0.2480253,-0.38252854,-0.10035481,7.9395785,-8.509477,-12.501908
722,2916562010,arxiv cs cv,arxiv cs cv,True,arxiv cs cv,True,-0.3343968,0.04202254,0.092490524,-1.6830868,-11.977243,21.251158
723,2916826721,arxiv cs lg,arxiv cs lg,True,arxiv cs lg,True,-0.030730724,0.117534414,0.11121738,-5.166995,-0.6706077,-4.0954895
724,2917138319,arxiv cs cv,arxiv cs cv,True,arxiv cs cv,True,-0.050807893,0.01419121,-0.023767464,8.752329,-3.944657,14.2445345
725,2918130758,arxiv cs it,arxiv cs it,True,arxiv cs it,True,0.34668458,0.3870753,-0.24776393,-12.519051,12.498524,1.3969316
726,2918696414,arxiv cs et,arxiv cs cr,False,arxiv cs cr,False,-0.6153041,-0.1408277,-0.10485668,-1.222038,-13.968656,-1.277787
727,2920063196,arxiv cs lg,arxiv cs cv,False,arxiv cs lg,True,-0.051504254,-0.14374907,-0.0105917305,-1.0708427,1.9077566,-11.692478
728,2920431256,arxiv cs lg,arxiv cs cv,False,arxiv cs cv,False,0.45893884,-0.16354881,-0.05214262,9.495946,18.0593,-12.8539715
729,2920741755,arxiv cs cv,arxiv cs cv,True,arxiv cs cv,True,0.599929,-0.26511657,-0.3957229,-16.234058,4.7186193,-25.452417
730,2920887644,arxiv cs cv,arxiv cs cv,True,arxiv cs cv,True,0.3596351,-0.5267535,0.09677361,19.466015,14.066768,3.2846432
731,2921304802,arxiv cs cl,arxiv cs cl,True,arxiv cs cl,True,0.002080381,-0.7081735,0.23974624,22.38665,-10.828687,-18.25144
732,2921918986,arxiv cs sy,arxiv cs sy,True,arxiv cs ds,False,-0.2926613,0.41086137,-0.21217996,-23.036478,6.641827,-2.963238
733,2921979992,arxiv cs si,arxiv cs si,True,arxiv cs si,True,-0.18282366,0.55504096,-0.1504251,-11.047572,-0.97475463,18.532227
734,2922115235,arxiv cs cr,arxiv cs cv,False,arxiv cs cv,False,-0.11684984,-0.40758324,-0.4645242,-24.773783,-16.927898,-11.439423
735,2922249902,arxiv cs it,arxiv cs it,True,arxiv cs it,True,0.50569534,0.34676686,-0.2959991,-13.653145,28.520844,-4.058227
736,2922344980,arxiv cs sy,arxiv cs sy,True,arxiv cs sy,True,0.22080487,0.38846982,-0.06860723,-21.275187,14.5658655,10.126663
737,2922422516,arxiv cs sy,arxiv cs sy,True,arxiv cs sy,True,-0.30089772,0.23895575,0.18944648,-11.115945,-18.874975,3.3939757
738,2922717338,arxiv cs cv,arxiv cs cv,True,arxiv cs cv,True,0.2517048,0.13425142,-0.22022736,13.013136,3.6531112,13.4629965
739,2922874720,arxiv cs lg,arxiv cs lg,True,arxiv cs lg,True,0.32320797,-0.22560994,-0.068411045,11.466389,25.774584,-0.44623733
740,2923908626,arxiv cs ro,arxiv cs cy,False,arxiv cs se,False,-0.7429966,-0.27899164,0.08088626,-3.5802898,-25.34819,-17.698936
741,2924032504,arxiv cs hc,arxiv cs cv,False,arxiv cs cv,False,-0.1449421,-0.20469747,-0.1683633,9.155417,-2.2283936,-2.5343962
742,2924116063,arxiv cs lg,arxiv cs cv,False,arxiv cs cv,False,0.055013955,-0.008398578,-0.09487202,-4.0548115,1.3131958,0.7770662
743,2925348613,arxiv cs cv,arxiv cs cv,True,arxiv cs cv,True,0.051135957,-0.5745541,0.12208089,22.733124,-4.429837,-2.7214847
744,2926841917,arxiv cs cr,arxiv cs cr,True,arxiv cs cr,True,0.10470605,-0.026492074,-0.22120586,-15.0385475,5.7420774,-12.836638
745,2928530452,arxiv cs cv,arxiv cs cv,True,arxiv cs cv,True,0.17191476,-0.02612345,0.20706382,10.503014,1.9318504,-2.6108398
747,2929095093,arxiv cs dc,arxiv cs dc,True,arxiv cs cr,False,-0.2811342,-0.045602143,0.015398331,-11.816773,-7.7093477,-21.277922
748,2930003153,arxiv cs cv,arxiv cs cv,True,arxiv cs cv,True,0.11672354,-0.017610237,0.086635485,-29.05574,-8.88855,-0.21946514
749,2930382063,arxiv cs it,arxiv cs it,True,arxiv cs it,True,0.24590695,0.4340142,-0.34292838,-16.563396,20.63262,-3.6389532
750,2932480350,arxiv cs cv,arxiv cs cv,True,arxiv cs cv,True,-0.19222993,0.13622412,-0.085498534,8.782506,-11.88866,15.780982
751,2933655602,arxiv cs cl,arxiv cs cl,True,arxiv cs cl,True,-0.41629067,-0.3072698,0.13066514,5.0936623,-24.102146,-7.9868174
752,2933714206,arxiv cs cv,arxiv cs cv,True,arxiv cs cv,True,0.83066714,-0.49840242,0.235672,25.520613,0.87118745,-14.25043
753,2934806712,arxiv cs cv,arxiv cs cv,True,arxiv cs cv,True,0.48384118,-0.22791617,-0.28115165,12.713263,3.4853294,9.991475
754,2935117511,arxiv cs pl,arxiv cs ds,False,arxiv cs ds,False,0.3450656,0.106837,0.34924877,14.081401,27.271395,5.192068
755,2936295285,arxiv cs cl,arxiv cs cv,False,arxiv cs cv,False,0.44277585,-0.035470724,-0.13103151,-3.213345,13.6565485,-4.065483
756,2936520980,arxiv cs cv,arxiv cs cv,True,arxiv cs cv,True,0.40822303,-0.40264523,0.08771513,-19.848162,8.393001,7.5644836
757,2936883713,arxiv cs cv,arxiv cs cv,True,arxiv cs cv,True,0.24949884,-0.38903427,-0.08689863,14.962207,6.1540036,-21.434483
758,2936899590,arxiv cs cr,arxiv cs cr,True,arxiv cs cv,False,-0.51658463,0.36430842,-0.10582975,-5.5923896,-26.808601,12.968675
759,2938696877,arxiv cs lg,arxiv cs cv,False,arxiv cs cv,False,1.0510919,-0.87858,0.5692888,21.227385,15.589886,-3.1022882
760,2938927628,arxiv cs lo,arxiv cs sy,False,arxiv cs sy,False,-0.11874211,0.36547035,-0.24280804,-4.9150944,-9.272917,18.082197
761,2939522634,arxiv cs cl,arxiv cs cl,True,arxiv cs cv,False,0.25549376,-0.49753368,0.19456062,21.948254,4.5799274,-4.369906
762,2940183409,arxiv cs cv,arxiv cs cv,True,arxiv cs cv,True,0.03696668,0.16277383,-0.3200123,11.362443,-5.9886284,18.268406
763,2941026327,arxiv cs cv,arxiv cs cv,True,arxiv cs cv,True,0.26268494,-0.26055408,-0.20714355,18.772602,6.430851,20.147121
764,2941665138,arxiv cs it,arxiv cs it,True,arxiv cs it,True,-0.1396789,0.31683686,-0.2725887,-20.577723,1.0693562,-10.10228
765,2941859709,arxiv cs lg,arxiv cs cv,False,arxiv cs cv,False,0.6455709,0.11031128,-0.06168788,0.3615447,18.778606,-1.8279822
766,2942047809,arxiv cs cl,arxiv cs cl,True,arxiv cs cl,True,-0.33262512,-0.20040767,-0.009172887,0.1809185,-22.171705,-7.3652945
767,2942135187,arxiv cs lg,arxiv cs cv,False,arxiv cs cv,False,0.15711236,-0.047204375,-0.33612183,-1.3204154,8.263424,-1.4072998
768,2942637361,arxiv cs cv,arxiv cs cv,True,arxiv cs cv,True,-0.15577126,0.48133653,0.075433165,-9.049605,12.347997,31.191563
769,2942669846,arxiv cs lg,arxiv cs lg,True,arxiv cs lg,True,0.80383873,-0.25173545,0.38937357,9.470591,23.549583,1.4005148
770,2942775600,arxiv cs lg,arxiv cs cv,False,arxiv cs lg,True,-0.17285198,-0.08095251,-0.28070846,-6.8412347,-10.4045315,12.121301
771,2943913916,arxiv cs cv,arxiv cs cv,True,arxiv cs cv,True,-0.11660075,-0.16151638,-0.13466185,4.01271,-8.485869,4.7937775
772,2944151897,arxiv cs cv,arxiv cs cv,True,arxiv cs cv,True,0.06408924,-0.03518215,-0.49477375,5.149551,-7.785941,11.428566
773,2944460305,arxiv cs ds,arxiv cs ds,True,arxiv cs ds,True,-0.10650432,0.2501808,-0.04094956,-2.1355436,30.652811,0.8453643
774,2944855023,arxiv cs cv,arxiv cs cv,True,arxiv cs cv,True,0.13514662,0.24590774,-0.36882275,-23.806196,11.092873,-2.0787575
775,2944983703,arxiv cs cv,arxiv cs cv,True,arxiv cs cv,True,0.41187167,-0.5139415,-0.268809,20.088314,-6.3124094,10.192836
776,2945051179,arxiv cs cy,arxiv cs si,False,arxiv cs cr,False,-0.6975985,0.13064635,-0.17750338,-18.330675,-19.680088,-5.040523
777,2945083850,arxiv cs cl,arxiv cs cl,True,arxiv cs cl,True,-0.084192395,-0.14198436,-0.09043185,-5.7275805,-4.5587363,-0.14882702
778,2945584410,arxiv cs lg,arxiv cs lg,True,arxiv cs lg,True,-0.6590809,0.2028079,-0.112733044,-9.14866,-11.481896,-25.21958
779,2945603434,arxiv cs dc,arxiv cs gt,False,arxiv cs gt,False,-0.34688485,0.21190202,-0.21182859,0.8921519,-19.79308,8.981723
780,2945692665,arxiv cs dm,arxiv cs lo,False,arxiv cs lo,False,0.015508592,0.07238822,0.25575382,8.127892,15.860592,18.727337
781,2946019926,arxiv cs cl,arxiv cs cl,True,arxiv cs cl,True,0.59852123,-0.59067994,0.46377167,19.855354,20.983173,-12.678589
782,2946044191,arxiv cs lg,arxiv cs cv,False,arxiv cs cv,False,0.0069636703,0.1287616,-0.04000844,-2.9964573,-3.9143229,12.845887
783,2946173551,arxiv cs ds,arxiv cs ds,True,arxiv cs ds,True,-0.19188535,0.13725658,0.39279708,12.014356,-21.459543,22.10996
784,2946356375,arxiv cs cr,arxiv cs cr,True,arxiv cs cr,True,-0.4047351,-0.18436469,-0.1570625,-21.85309,-17.290047,-11.02912
785,2946555364,arxiv cs ne,arxiv cs dc,False,arxiv cs dc,False,-0.04645163,0.32889885,-0.17854154,-2.0977783,23.233715,10.392267
786,2946584487,arxiv cs lg,arxiv cs lg,True,arxiv cs lg,True,-0.16141939,-0.3639382,0.19976678,7.5182247,1.3004258,-18.803436
787,2946869570,arxiv cs cl,arxiv cs cl,True,arxiv cs cl,True,0.14885384,-0.009373009,-0.0642653,-8.864421,2.4896207,-5.539169
788,2947091137,arxiv cs lg,arxiv cs cv,False,arxiv cs cv,False,0.29976368,-0.16937052,0.31180522,26.5898,17.000671,-9.783259
789,2947219669,arxiv cs dl,arxiv cs dl,True,arxiv cs dl,True,-0.8005394,-0.11335118,0.25342324,-3.3789184,-25.381346,-8.862735
790,2947221669,arxiv cs lg,arxiv cs cv,False,arxiv cs cv,False,-0.18897033,-0.26665527,-0.08536946,7.95903,-10.378197,1.2004472
791,2947224127,arxiv cs cv,arxiv cs cv,True,arxiv cs cv,True,0.3460722,0.0012996793,-0.41687015,7.864224,7.1190886,16.686579
792,2947461788,arxiv cs lg,arxiv cs lg,True,arxiv cs lg,True,0.64576113,0.065307625,0.1445913,-0.47100955,21.714725,1.4173893
793,2947477827,arxiv cs lg,arxiv cs cl,False,arxiv cs cl,False,0.106371164,0.07595899,0.08913711,-20.875446,1.1903708,10.856852
794,2947715232,arxiv cs lg,arxiv cs cl,False,arxiv cs cl,False,0.09522694,0.295556,-0.05700408,-1.7366446,10.309491,9.272809
795,2947756088,arxiv cs lg,arxiv cs lg,True,arxiv cs lg,True,-0.049868405,0.31257975,-0.11309185,-12.392175,3.3418615,14.471509
796,2948069823,arxiv cs lg,arxiv cs lg,True,arxiv cs lg,True,-0.10499543,0.3025025,0.39229158,-12.042933,12.26206,15.926744
797,2948281243,arxiv cs ro,arxiv cs cv,False,arxiv cs cv,False,0.31512582,-0.37682748,-0.12278182,19.602444,8.902882,-14.311621
798,2948743095,arxiv cs lg,arxiv cs cl,False,arxiv cs cl,False,-0.34214476,-0.73905027,0.627941,20.181442,-7.0991898,-6.422364
799,2948793189,arxiv cs cv,arxiv cs cv,True,arxiv cs cv,True,0.4654596,-0.16482402,-0.16910908,7.595249,12.743765,-9.054422
800,2948930516,arxiv cs lg,arxiv cs lg,True,arxiv cs lg,True,-0.42480344,0.29842597,-0.03974136,-16.573107,-12.75506,14.148584
801,2948954099,arxiv cs cv,arxiv cs cv,True,arxiv cs cv,True,0.37449813,-0.29037678,-0.102175646,6.5623727,12.148972,-6.4319344
802,2948957650,arxiv cs cy,arxiv cs cr,False,arxiv cs cr,False,-0.24245054,-0.18722026,0.09237467,-22.11295,-8.865181,-17.134007
804,2949089332,arxiv cs cl,arxiv cs cv,False,arxiv cs cv,False,-0.36822078,-0.046818063,-0.26883817,4.075997,-11.693952,9.074285
811,2949233314,arxiv cs cl,arxiv cs cl,True,arxiv cs cl,True,0.15936875,-0.22881903,0.56273556,24.75858,-1.5525886,-9.161434
814,2949268354,arxiv cs ro,arxiv cs ro,True,arxiv cs ro,True,-0.11832696,-0.03558871,-0.23296455,6.4069557,-1.8371209,-0.6201684
829,2949461269,arxiv cs cl,arxiv cs cl,True,arxiv cs cl,True,0.73288786,-0.69145393,1.1580204,13.297303,26.826426,10.105796
830,2949482052,arxiv cs lg,arxiv cs lg,True,arxiv cs lg,True,0.36921895,0.5387054,0.033822015,-3.4699194,14.925745,8.026191
832,2949510923,arxiv cs lg,arxiv cs lg,True,arxiv cs lg,True,0.023335636,0.33967954,0.047739007,-7.816595,9.509768,10.795261
861,2950070519,arxiv cs cy,arxiv cs cr,False,arxiv cs cr,False,-0.57776225,-0.14886935,0.008384977,-6.365896,-15.783951,-10.734837
870,2950148443,arxiv cs pf,arxiv cs it,False,arxiv cs it,False,-0.15417856,0.21965946,-0.47183883,-11.418296,20.758747,-13.440381
872,2950173087,arxiv cs ir,arxiv cs gt,False,arxiv cs gt,False,-0.1344111,-0.3567568,0.16989976,14.735597,-11.396414,-23.754078
877,2950257502,arxiv cs se,arxiv cs cr,False,arxiv cs se,True,-0.48464808,0.20187035,-0.10117871,-6.7097845,-28.409876,6.660907
879,2950280607,arxiv cs cl,arxiv cs cv,False,arxiv cs cv,False,0.19566524,-0.78389484,0.24959308,19.672695,-14.947359,-11.960484
882,2950339685,arxiv cs cv,arxiv cs cv,True,arxiv cs cv,True,0.43182564,-0.11725323,-0.34723496,-7.2175016,5.544783,-16.813686
888,2950430068,arxiv cs ni,arxiv cs it,False,arxiv cs it,False,-0.22384894,0.23120522,0.009869877,-11.172764,-13.852174,14.224564
897,2950594207,arxiv cs hc,arxiv cs lg,False,arxiv cs lg,False,-0.008322418,0.379686,0.29885352,0.027077647,12.787505,7.4988804
898,2950595392,arxiv cs cl,arxiv cs cl,True,arxiv cs cl,True,-0.82400835,0.09475396,0.06559534,-5.3229003,-31.716335,-0.9227362
906,2950686074,arxiv cs ir,arxiv cs cv,False,arxiv cs cv,False,0.41086447,-0.25089818,-0.015820622,7.481462,8.559183,2.1392772
937,2951233667,arxiv cs cl,arxiv cs cl,True,arxiv cs cv,False,-0.05808425,-0.46292722,-0.03828691,20.292788,-7.87072,0.47664374
962,2951655313,arxiv cs lg,arxiv cs cv,False,arxiv cs cv,False,0.7933868,-0.16549154,0.10432691,15.856577,21.509924,-0.67875314
976,2951910662,arxiv cs cl,arxiv cs cl,True,arxiv cs cl,True,-0.32066688,-0.4680323,0.34010768,18.308073,-11.1052885,-8.516347
977,2951936753,arxiv cs lg,arxiv cs lg,True,arxiv cs cv,False,-0.3777846,-0.08850263,0.120130494,-7.2813344,-12.5942335,-8.654882
978,2951948694,arxiv cs lg,arxiv cs lg,True,arxiv cs lg,True,0.35087216,0.3557937,0.026004408,-5.9127555,15.291225,8.89102
984,2952044050,arxiv cs cv,arxiv cs cv,True,arxiv cs cv,True,-0.34994736,0.055201307,-0.051132187,0.81387764,-16.648901,8.491869
993,2952169544,arxiv cs lo,arxiv cs ai,False,arxiv cs ai,False,0.22161794,-0.44310623,0.23608169,6.2221026,-0.6134836,-10.97922
995,2952213558,arxiv cs cl,arxiv cs cl,True,arxiv cs cl,True,0.18308991,-0.36010677,0.16809815,20.024612,1.313621,-5.52714
1004,2952314184,arxiv cs mm,arxiv cs cv,False,arxiv cs cv,False,-0.0499689,-0.8390963,0.31072643,25.028875,-5.736163,-9.796653
1011,2952364877,arxiv cs ai,arxiv cs cv,False,arxiv cs cl,False,-0.1611976,-0.17458756,-0.36992347,7.8070345,-8.077483,5.847773
1012,2952400500,arxiv cs dm,arxiv cs lo,False,arxiv cs lo,False,-0.49635643,0.11077069,0.55207527,17.372522,-22.64037,-16.763233
1018,2952491657,arxiv cs lg,arxiv cs lg,True,arxiv cs cv,False,-0.05450064,-0.03774765,0.096745625,2.8143435,-3.4744732,-14.505448
1033,2952752365,arxiv cs pl,arxiv cs lo,False,arxiv cs lo,False,-0.31485215,-0.0073111653,0.3854757,13.640444,-24.737696,-3.711625
1045,2952965520,arxiv cs dc,arxiv cs ro,False,arxiv cs ro,False,-0.10243893,0.15506357,-0.42272717,-10.943398,1.6160111,1.0806469
1046,2952968410,arxiv cs cg,arxiv cs ds,False,arxiv cs ds,False,-0.2284779,0.5093874,0.078714564,0.0889417,9.380925,21.707891
1071,2953182835,arxiv cs ro,arxiv cs cv,False,arxiv cs cv,False,-0.40814492,-0.06984116,-0.17065075,5.0922174,-5.8574066,0.8644369
1089,2953793718,arxiv cs lg,arxiv cs lg,True,arxiv cs lg,True,-0.15686667,-0.5308863,0.56189173,10.772472,-1.9497201,-25.914658
1091,2954053207,arxiv cs ir,arxiv cs cl,False,arxiv cs cl,False,-0.13769972,-0.3369732,0.24804258,11.589794,-10.715026,-17.277546
1092,2954594726,arxiv cs cv,arxiv cs cv,True,arxiv cs cv,True,0.43432844,-0.23266245,0.006759662,18.884203,9.795241,-0.14836201
1093,2954744211,arxiv cs lg,arxiv cs cv,False,arxiv cs cv,False,-0.025116146,0.3869325,0.30143887,-9.338003,12.503921,22.129717
1094,2954884125,arxiv cs cv,arxiv cs cv,True,arxiv cs cv,True,-0.08989805,-0.2337382,-0.35287294,18.786093,-10.351023,18.016989
1095,2955512971,arxiv cs ma,arxiv cs si,False,arxiv cs si,False,-0.1671567,0.036149472,-0.23744732,-5.094493,-5.382048,-10.798939
1096,2955819861,arxiv cs ro,arxiv cs lg,False,arxiv cs lg,False,-0.009201705,0.032478034,-0.30414045,9.228148,-2.882419,3.9721653
1098,2955914515,arxiv cs cv,arxiv cs cv,True,arxiv cs cv,True,-0.36910763,0.06292784,-0.054707147,-2.9164598,-12.625142,9.790406
1099,2958127121,arxiv cs cl,arxiv cs cl,True,arxiv cs cl,True,-0.29458895,-0.85781074,0.55286235,13.609265,-14.129103,-20.928692
1100,2958373708,arxiv cs lg,arxiv cs cv,False,arxiv cs cv,False,0.78791976,-0.0944729,-0.025135413,13.256918,21.258932,-10.378328
1101,2958670508,arxiv cs cl,arxiv cs cl,True,arxiv cs cl,True,-0.608801,0.14684248,-0.1560272,-8.169879,-27.937645,12.444785
1102,2958885478,arxiv cs cv,arxiv cs cv,True,arxiv cs cv,True,0.4484098,0.030448064,-0.111031495,2.2885103,10.2532835,-13.280022
1103,2959209404,arxiv cs ro,arxiv cs lg,False,arxiv cs lg,False,0.11317152,-0.24349134,-0.34352872,2.813897,-2.2922611,-2.494122
1104,2959816846,arxiv cs ds,arxiv cs ds,True,arxiv cs ds,True,0.75602543,0.6089909,0.50986195,-9.134379,24.619926,14.916283
1105,2960282122,arxiv cs cr,arxiv cs cr,True,arxiv cs cr,True,0.28188324,-0.37793922,0.015569657,-2.032121,12.120732,-25.625143
1106,2961036874,arxiv cs cv,arxiv cs cv,True,arxiv cs cv,True,0.34353852,-0.44675106,-0.13463157,19.90697,9.505504,2.9296453
1107,2961075442,arxiv cs se,arxiv cs se,True,arxiv cs se,True,-0.44638112,0.21149723,-0.18980476,-19.462372,-15.379737,14.313867
1108,2961524200,arxiv cs gt,arxiv cs gt,True,arxiv cs gt,True,-0.41362625,0.23297268,0.41174138,5.041005,-5.6328015,33.80728
1109,2961655545,arxiv cs cv,arxiv cs cv,True,arxiv cs cv,True,0.29105914,-0.17349945,-0.20894974,15.755437,2.697823,10.33468
1112,2963052105,arxiv cs lg,arxiv cs lg,True,arxiv cs lg,True,0.2842487,0.5014795,0.42568758,-6.694566,21.310917,17.02553
1113,2963155310,arxiv cs ce,arxiv cs sy,False,arxiv cs sy,False,-0.40029088,0.44155067,-0.16074744,-7.3399434,-1.1521527,20.844795
1114,2963243612,arxiv cs ni,arxiv cs it,False,arxiv cs it,False,-0.10308677,0.28663298,-0.41542184,-9.709279,23.725813,-14.853444
1117,2963482016,arxiv cs lg,arxiv cs lg,True,arxiv cs lg,True,-0.10063213,0.35725868,-0.0154020265,-26.893948,6.6472535,1.9133893
1118,2964103096,arxiv cs db,arxiv cs si,False,arxiv cs si,False,0.15420485,-0.06535989,0.27641073,7.8074546,19.348398,15.767764
1119,2964156559,arxiv cs lg,arxiv cs lg,True,arxiv cs lg,True,-0.019148171,-0.4629283,-0.2961217,-7.0528736,8.85096,-20.033417
1120,2964566605,arxiv cs lg,arxiv cs lg,True,arxiv cs lg,True,0.099533856,0.049725026,-0.030491501,-10.436477,-1.8229972,-2.9361105
1121,2964693852,arxiv cs lo,arxiv cs ai,False,arxiv cs ai,False,-0.44131485,-0.034900993,0.17087805,11.44789,-22.45211,-6.423886
1122,2964703418,arxiv cs cl,arxiv cs cl,True,arxiv cs cl,True,-0.04238856,-0.28012842,-0.15249619,2.2227345,0.14301153,0.8662878
1123,2964750054,arxiv cs ds,arxiv cs ds,True,arxiv cs ds,True,0.13599795,-0.063521266,0.0905856,17.579391,11.556568,8.267613
1124,2964855005,arxiv cs lg,arxiv cs ai,False,arxiv cs lg,True,-0.50786436,-0.052859113,0.009241335,3.3057609,-11.408732,-2.545867
1125,2964870467,arxiv cs lg,arxiv cs lg,True,arxiv cs lg,True,0.6113434,0.29150164,0.31816563,0.32674754,15.201278,10.801451
1126,2965200717,arxiv cs cv,arxiv cs cv,True,arxiv cs cv,True,-0.29349318,-0.11434065,-0.0002558753,7.0677714,-16.229134,2.5516617
1127,2965386677,arxiv cs cv,arxiv cs cv,True,arxiv cs cv,True,-0.2910128,0.15857545,-0.3741161,-2.0076368,-29.048967,13.962047
1128,2965428307,arxiv cs cc,arxiv cs cc,True,arxiv cs lo,False,0.2208457,0.94348836,0.6967814,-11.749546,22.544956,22.27703
1129,2965468758,arxiv cs dc,arxiv cs ni,False,arxiv cs ni,False,-0.4023455,0.1779419,-0.14873147,-7.4442053,20.971643,-20.09658
1130,2965485015,arxiv cs lg,arxiv cs lg,True,arxiv cs lg,True,-0.50276005,-0.53272915,0.56830037,-8.674712,-26.422411,-23.16509
1131,2965840041,arxiv cs se,arxiv cs se,True,arxiv cs se,True,-0.59243965,-0.110374734,0.15188381,4.405042,-24.446447,1.2855862
1132,2965853874,arxiv cs cv,arxiv cs cv,True,arxiv cs cv,True,0.6268654,-0.44962996,0.09285286,27.730162,4.7776985,-16.569798
1133,2966084819,arxiv cs cv,arxiv cs cv,True,arxiv cs cv,True,0.4111247,-0.42602187,-0.2590029,9.742697,5.5526233,-9.168029
1134,2966367171,arxiv cs lg,arxiv cs cv,False,arxiv cs cv,False,0.9653691,-0.861184,0.01884979,25.225195,12.196052,-4.115436
1135,2966479429,arxiv cs cl,arxiv cs cl,True,arxiv cs cl,True,-0.21316469,-0.66336894,0.16433176,18.653214,-9.793636,-12.874168
1136,2966564913,arxiv cs ir,arxiv cs cl,False,arxiv cs cl,False,0.044518232,-0.22245385,-0.06474992,-1.6236262,2.3823714,-14.728671
1137,2966638278,arxiv cs cv,arxiv cs cv,True,arxiv cs cv,True,0.4217962,-0.110519275,-0.16525838,16.351883,6.95055,13.667798
1138,2967405323,arxiv cs fl,arxiv cs lo,False,arxiv cs lo,False,0.06880045,0.65226704,0.7442052,-9.595907,21.841871,21.978352
1139,2968233966,arxiv cs dc,arxiv cs ds,False,arxiv cs ds,False,0.32309043,0.2851485,-0.32416785,-17.268227,13.884605,2.52653
1140,2968543045,arxiv cs cv,arxiv cs cv,True,arxiv cs cv,True,0.06136465,-0.6597492,0.037199125,16.315655,-6.987299,-8.770668
1141,2969056421,arxiv cs cv,arxiv cs cv,True,arxiv cs cv,True,-0.16398787,-0.23266648,-0.29375255,15.156529,-9.113803,7.2452297
1142,2969070773,arxiv cs ni,arxiv cs dc,False,arxiv cs dc,False,-0.21500933,0.06870604,-0.5757442,-18.212704,2.2497168,-15.096529
1143,2969329284,arxiv cs lg,arxiv cs ai,False,arxiv cs lg,True,-0.4560165,0.06769219,0.23397341,-16.25128,-14.808736,-3.0264168
1144,2969409408,arxiv cs cr,arxiv cs cr,True,arxiv cs cr,True,-0.46585923,-0.017386347,0.12506828,-7.2016544,-22.45605,-16.067614
1145,2969463522,arxiv cs cv,arxiv cs cv,True,arxiv cs cv,True,0.5203155,-0.45131034,0.13047555,30.23921,0.8598122,-12.258134
1146,2969520366,arxiv cs lg,arxiv cs cv,False,arxiv cs cv,False,0.33588576,-0.21726505,0.0682902,19.521078,4.551198,-19.076448
1147,2969525168,arxiv cs it,arxiv cs it,True,arxiv cs it,True,0.15450525,0.31320977,-0.5395864,-7.6469073,26.353088,-8.133118
1148,2969705302,arxiv cs ai,arxiv cs ai,True,arxiv cs ai,True,-0.36075035,-0.1902291,0.20099387,5.748168,-28.695276,-11.699667
1149,2970073346,arxiv cs lo,arxiv cs lo,True,arxiv cs lo,True,0.05159825,-0.11339514,0.8781352,13.905473,25.39328,14.089496
1150,2970342098,arxiv cs cv,arxiv cs cv,True,arxiv cs cv,True,-0.3049899,-0.090386495,-0.29293773,0.5095914,-10.102365,16.617422
1151,2971549983,arxiv cs cl,arxiv cs cl,True,arxiv cs cl,True,-0.15185022,-0.50774765,0.3827653,16.686869,-13.234931,-18.177101
1152,2972280210,arxiv cs lg,arxiv cs cv,False,arxiv cs cv,False,-0.2120446,-0.06938636,0.1561967,-27.507324,-6.3342886,6.895338
1153,2972282440,arxiv cs cv,arxiv cs cv,True,arxiv cs cv,True,0.16228306,-0.40988004,-0.30435625,18.691668,-2.4565678,5.8152037
1154,2972332787,arxiv cs cv,arxiv cs cv,True,arxiv cs cv,True,0.28548694,-0.39036417,-0.03581956,8.618786,12.029109,-5.8021417
1155,2972366126,arxiv cs gt,arxiv cs gt,True,arxiv cs gt,True,0.14436454,0.0014606267,0.56648034,23.27715,19.716745,13.978251
1156,2972391026,arxiv cs cv,arxiv cs si,False,arxiv cs cv,True,-1.0123396,0.050656468,0.3119487,-1.1533173,-22.569906,-21.8318
1157,2972408992,arxiv cs cg,arxiv cs cg,True,arxiv cs cg,True,-0.6165112,0.12842387,0.08939289,-6.934081,-33.97814,-1.1059737
1158,2972829925,arxiv cs cv,arxiv cs cv,True,arxiv cs cv,True,0.78463066,-0.27432454,0.12522541,12.640854,15.929748,-3.0962343
1159,2972884859,arxiv cs lg,arxiv cs cl,False,arxiv cs cv,False,0.15610486,-0.0019334108,0.3847514,16.958755,16.38157,7.48121
1160,2972902019,arxiv cs lg,arxiv cs cv,False,arxiv cs lg,True,0.48311937,0.09743171,-0.30633035,4.0025506,6.208885,6.110372
1161,2973155974,arxiv cs ro,arxiv cs ai,False,arxiv cs ai,False,-0.6151924,-0.047736406,-0.053697146,4.7225976,-14.80285,-24.452652
1162,2973930634,arxiv cs cr,arxiv cs lg,False,arxiv cs cv,False,0.29237175,-0.7181065,0.1588116,29.718218,11.276809,-1.6410624
1163,2974679749,arxiv cs lg,arxiv cs lg,True,arxiv cs lg,True,1.2035625,0.16363397,0.5302513,2.2106113,25.233477,-0.99366134
1164,2974684257,arxiv cs ma,arxiv cs ai,False,arxiv cs ai,False,-0.28042477,0.1914803,-0.24483982,-3.9665787,-9.45927,22.195328
1165,2975242295,arxiv cs cc,arxiv cs ds,False,arxiv cs ds,False,-0.15565103,0.41647476,0.13860643,3.4010718,9.306793,29.8723
1166,2975672703,arxiv cs cv,arxiv cs cv,True,arxiv cs cv,True,0.429541,-0.017303318,0.097982384,15.869772,21.209635,1.8189516
1167,2975826799,arxiv cs hc,arxiv cs si,False,arxiv cs si,False,-0.64016503,-0.09382509,0.284648,-2.086516,-31.620207,-11.706682
1168,2976194415,arxiv cs cr,arxiv cs lg,False,arxiv cs lg,False,0.24275291,-0.11633344,0.03021451,-21.223745,-5.0522346,9.511898
1170,2976466812,arxiv cs cv,arxiv cs cv,True,arxiv cs cv,True,0.11932725,-0.1583923,-0.23770139,13.331226,-1.4139495,1.118566
1171,2976964214,arxiv cs cv,arxiv cs cv,True,arxiv cs cv,True,0.2638893,-0.42049193,-0.48581827,-16.492563,2.6949222,-25.079756
1172,2977122666,arxiv cs cv,arxiv cs cv,True,arxiv cs cv,True,-0.31777495,0.29394612,-0.26577318,-2.2769086,-10.277489,21.036314
1173,2978212076,arxiv cs ai,arxiv cs lg,False,arxiv cs lg,False,0.075069785,0.060558416,0.11685209,-27.9983,3.359744,6.215516
1174,2978843034,arxiv cs lg,arxiv cs lg,True,arxiv cs lg,True,-0.048488915,0.33585143,0.34609103,-11.460376,15.808935,14.601758
1175,2979287175,arxiv cs ai,arxiv cs ai,True,arxiv cs ai,True,-0.10112029,-0.30507654,0.090297006,30.564592,-7.382446,-0.28355774
1176,2979314664,arxiv cs cl,arxiv cs cv,False,arxiv cs cv,False,1.242496,0.84953785,0.11378339,-13.154157,22.143187,-0.8646291
1177,2979386607,arxiv cs ai,arxiv cs ai,True,arxiv cs ai,True,0.013800085,0.19327198,0.18095075,-23.29083,8.958889,14.740543
1178,2979426349,arxiv cs cv,arxiv cs cv,True,arxiv cs cv,True,0.12574995,-0.06972171,-0.16171357,3.1360555,-0.17138465,5.987054
1179,2979427124,arxiv cs cl,arxiv cs cl,True,arxiv cs cl,True,-0.23338497,-0.022977948,-0.15565196,-6.3808885,-0.7284816,-12.638942
1180,2979483737,arxiv cs ni,arxiv cs ni,True,arxiv cs ni,True,0.15235329,0.09750795,-0.35917044,-13.724463,13.35365,-16.710602
1181,2979639576,arxiv cs it,arxiv cs it,True,arxiv cs it,True,0.21127081,0.28623563,-0.65805054,-10.49355,26.869848,-13.338333
1182,2979645311,arxiv cs lg,arxiv cs lg,True,arxiv cs lg,True,0.6212479,0.5332248,0.4532632,-9.192799,22.293688,14.098321
1183,2979696030,arxiv cs ds,arxiv cs ds,True,arxiv cs ds,True,0.095184624,0.4469946,0.40835398,-0.46116087,13.437078,22.57694
1184,2980149749,arxiv cs ds,arxiv cs ds,True,arxiv cs ds,True,-0.19220912,0.4711836,0.13915455,0.43973303,11.179196,25.720314
1185,2980154309,arxiv cs hc,arxiv cs ai,False,arxiv cs ai,False,-0.56623936,-0.41692954,0.3069198,6.6594996,-11.543891,-26.918333
1186,2980321109,arxiv cs lg,arxiv cs lg,True,arxiv cs cv,False,0.6246016,0.005891323,-0.19759336,-11.535675,18.187265,-4.3374434
1187,2980341701,arxiv cs dc,arxiv cs cr,False,arxiv cs cr,False,-0.2429645,-0.10425104,-0.2155923,-19.25858,-7.6630697,-16.96135
1189,2980599494,arxiv cs lg,arxiv cs cv,False,arxiv cs cv,False,0.30105352,0.4537158,-0.057543688,-7.379289,21.90961,4.5817595
1190,2981049690,arxiv cs lg,arxiv cs cv,False,arxiv cs cv,False,0.34394753,0.43275088,0.03928152,3.646374,9.929173,6.9625425
1191,2981352723,arxiv cs cl,arxiv cs cl,True,arxiv cs cl,True,-0.70398253,-0.2525329,0.056865886,10.695073,-21.704014,-19.18417
1192,2981489861,arxiv cs lo,arxiv cs lg,False,arxiv cs lg,False,0.007499397,0.06465126,-0.032151535,-9.22809,-6.6771646,5.068188
1193,2981547806,arxiv cs cv,arxiv cs cv,True,arxiv cs cv,True,-0.31779826,0.08742546,-0.005353287,-5.8233156,-15.485131,7.114438
1194,2981930619,arxiv cs lo,arxiv cs lo,True,arxiv cs lo,True,-0.06902218,0.72470134,0.47034606,-4.486474,11.685266,28.167158
1195,2981936562,arxiv cs lg,arxiv cs lg,True,arxiv cs si,False,-0.09578103,0.33346426,-0.20024228,-19.831274,13.239636,21.105581
1196,2982062754,arxiv cs cr,arxiv cs cv,False,arxiv cs cv,False,0.328099,-0.17987706,-0.04388708,-19.905218,4.946255,0.81360286
1197,2982084977,arxiv cs hc,arxiv cs ai,False,arxiv cs ai,False,-0.1873827,-0.33274257,-0.14887688,-9.40826,-8.62259,-4.796515
1198,2982150752,arxiv cs ds,arxiv cs ds,True,arxiv cs it,False,-0.20658511,0.5552377,0.040429287,-9.128686,9.12133,18.165321
1199,2982400109,arxiv cs cv,arxiv cs cv,True,arxiv cs cv,True,0.24348235,0.101319455,-0.32300338,4.0755925,5.2167296,-0.5833746
1200,2982501339,arxiv cs ds,arxiv cs ds,True,arxiv cs ds,True,-0.009703279,0.30990255,0.05570917,-14.372413,0.26536417,22.41846
1201,2982541662,arxiv cs lg,arxiv cs cv,False,arxiv cs lg,True,-0.72887444,0.19152236,0.093623936,3.21872,-29.168493,7.6351886
1202,2982666195,arxiv cs cl,arxiv cs cl,True,arxiv cs cl,True,0.08582252,0.07007999,0.24710876,-28.158352,-12.9247465,-5.806955
1203,2983100209,arxiv cs ro,arxiv cs lg,False,arxiv cs cv,False,-0.43808144,-0.14216872,0.048584674,6.165539,-10.035446,-5.9517937
1204,2983716911,arxiv cs cv,arxiv cs cv,True,arxiv cs cv,True,-0.3554765,0.105223134,-0.08771006,-4.8798375,-16.848026,5.1581526
1205,2983779407,arxiv cs cv,arxiv cs cv,True,arxiv cs cv,True,0.019256592,0.39178047,-0.1082504,10.88518,2.1061313,17.275908
1206,2984184565,arxiv cs ni,arxiv cs ni,True,arxiv cs ni,True,0.26139343,0.19843228,-0.40340135,-11.218245,16.342419,-12.278119
1207,2984477118,arxiv cs pl,arxiv cs lo,False,arxiv cs lo,False,-0.6579582,0.17530566,0.26816675,0.22708336,-23.68779,2.2587225
1208,2984514542,arxiv cs lg,arxiv cs cv,False,arxiv cs cv,False,0.31312454,0.28771058,0.022055335,13.205307,16.059551,13.296932
1209,2984765139,arxiv cs dm,arxiv cs ds,False,arxiv cs ds,False,0.45930922,0.57450926,0.5260222,0.49109152,21.86945,21.104973
1210,2985076077,arxiv cs ai,arxiv cs cv,False,arxiv cs cv,False,0.14007324,-0.7848185,-0.033847094,17.724363,12.402679,-3.069406
1211,2985581477,arxiv cs cl,arxiv cs ai,False,arxiv cs cl,True,-0.36265582,-0.09874244,0.40117308,13.037857,-5.134723,-19.558338
1212,2985768166,arxiv cs lg,arxiv cs ai,False,arxiv cs ai,False,0.1383934,-0.28735596,0.29664612,30.10199,-6.313955,-1.7945864
1213,2986070883,arxiv cs si,arxiv cs gt,False,arxiv cs ds,False,-0.071542144,0.25644922,0.23530343,-13.507774,0.13886815,24.500088
1214,2986185262,arxiv cs lg,arxiv cs ai,False,arxiv cs lg,True,-0.36278018,-0.01110968,-0.03018079,1.3796428,-6.754959,-5.817229
1215,2986193832,arxiv cs lg,arxiv cs cv,False,arxiv cs cv,False,-0.10146266,-0.11044671,0.03151181,-8.706034,-11.4600115,5.785879
1216,2986386656,arxiv cs lg,arxiv cs cl,False,arxiv cs cl,False,-0.13604814,-0.14297499,0.02656709,6.978476,-35.534065,0.89156944
1217,2986546511,arxiv cs cl,arxiv cs cl,True,arxiv cs cv,False,0.17468745,-0.19233452,-0.115106724,1.4812511,-1.1439332,-20.843298
1218,2986736937,arxiv cs lg,arxiv cs dc,False,arxiv cs dc,False,0.28483677,0.07027255,-0.11881449,-6.4001546,14.692094,-15.6100445
1219,2987414108,arxiv cs gt,arxiv cs ai,False,arxiv cs gt,True,0.05463189,-0.0036692768,0.42551944,10.650622,2.1531699,31.089413
1220,2988115836,arxiv cs lg,arxiv cs lg,True,arxiv cs lg,True,-0.22708637,-0.22778739,0.23507565,12.171461,-1.3418173,-23.581453
1221,2988841832,arxiv cs cl,arxiv cs cl,True,arxiv cs cl,True,0.5465615,-0.4537477,0.83428067,22.949203,1.221305,-12.571713
1222,2989610201,arxiv cs lg,arxiv cs cv,False,arxiv cs cv,False,0.59750926,-0.3167734,0.1925695,17.882719,8.058714,-20.294264
1223,2989782618,arxiv cs cv,arxiv cs cv,True,arxiv cs cv,True,-0.28696895,-0.06458129,0.08770804,0.36610138,-4.9437237,-26.868362
1224,2989907986,arxiv cs cv,arxiv cs cv,True,arxiv cs cv,True,0.03466642,-0.23002543,-0.2481595,26.396248,2.0552628,16.87439
1225,2989927651,arxiv cs lg,arxiv cs cv,False,arxiv cs cv,False,0.53828573,-0.46238047,-0.09270383,6.571767,14.783644,-11.879725
1226,2990051169,arxiv cs cl,arxiv cs cl,True,arxiv cs si,False,-0.3135476,-0.19887663,0.30022526,7.624836,-20.166466,-4.5457006
1227,2990109014,arxiv cs ma,arxiv cs ai,False,arxiv cs ai,False,0.12700951,-0.09501065,0.16162764,-23.487026,2.6542668,3.4653814
1228,2990176560,arxiv cs ds,arxiv cs ds,True,arxiv cs ds,True,0.033299387,0.076409794,0.106980756,0.8588687,3.6160696,25.157145
1229,2990486178,arxiv cs it,arxiv cs it,True,arxiv cs it,True,-0.022547424,0.21296477,-0.13294512,-13.156492,2.2004974,8.41757
1230,2990505274,arxiv cs ro,arxiv cs cv,False,arxiv cs cv,False,-0.03728634,0.006775558,-0.5225844,4.999734,4.98639,15.965645
1231,2990647144,arxiv cs cv,arxiv cs cv,True,arxiv cs cv,True,0.2933303,-0.027994692,-0.042806365,22.035166,-1.4468068,21.169054
1232,2990827137,arxiv cs cv,arxiv cs lg,False,arxiv cs ai,False,-0.51321924,0.004820481,-0.12916061,7.877159,-20.117916,11.68556
1233,2991003614,arxiv cs dl,arxiv cs dl,True,arxiv cs si,False,-0.5864492,0.1982064,0.19070941,4.4064302,-28.147654,13.699349
1234,2991104753,arxiv cs cv,arxiv cs cv,True,arxiv cs cv,True,0.3457048,0.07460104,-0.25655237,11.631598,1.2790626,14.361988
1235,2991227784,arxiv cs lg,arxiv cs lg,True,arxiv cs lg,True,-0.0017809868,0.4825148,-0.08766868,-9.812541,5.4822893,13.160459
1236,2991541751,arxiv cs cv,arxiv cs cv,True,arxiv cs cv,True,1.4028141,-0.6420089,0.41222578,22.207937,20.788534,-1.5303868
1237,2991815002,arxiv cs et,arxiv cs lg,False,arxiv cs cv,False,0.24140894,0.13119358,-0.09262068,-11.514013,10.726578,-2.403877
1238,2992737371,arxiv cs cv,arxiv cs cl,False,arxiv cs cv,True,-0.2848095,-0.36132038,0.20881388,16.376116,-9.729559,-4.8433776
1239,2993008448,arxiv cs lg,arxiv cs lg,True,arxiv cs lg,True,0.8678585,-0.3542366,0.61831844,13.985307,18.468748,-7.739066
1240,2993281564,arxiv cs cv,arxiv cs cv,True,arxiv cs cv,True,0.30923152,-0.11600061,-0.16867742,16.36895,-0.006169021,22.374937
1241,2993749257,arxiv cs cv,arxiv cs cv,True,arxiv cs cv,True,-0.16358721,0.017809808,-0.0043113157,-1.9811963,2.8700225,-20.724094
1242,2993897137,arxiv cs dc,arxiv cs lg,False,arxiv cs lg,False,0.27730882,-0.40586323,-0.022308856,-6.051735,14.17395,-20.043907
1243,2994699253,arxiv cs it,arxiv cs it,True,arxiv cs it,True,0.032818973,0.3218832,-0.19220081,-10.404406,24.987604,-7.80006
1244,2994926185,arxiv cs lg,arxiv cs cv,False,arxiv cs lg,True,-0.4240596,0.035008833,-0.0820825,-15.923276,-24.738626,7.3219047
1245,2994942502,arxiv cs ds,arxiv cs lg,False,arxiv cs lg,False,0.36270928,0.5252765,0.45002285,-7.6964464,13.620767,14.793666
1246,2995098333,arxiv cs cv,arxiv cs cv,True,arxiv cs cv,True,0.27554142,-0.22452475,-0.25016907,10.475209,3.437065,4.4701242
1247,2995137126,arxiv cs ir,arxiv cs cl,False,arxiv cs cl,False,-0.4333887,-0.20882614,0.035715025,-0.13969418,-16.42335,2.7568874
1248,2995197009,arxiv cs ro,arxiv cs lg,False,arxiv cs lg,False,-0.64590526,-0.04503511,0.14362887,-4.6362805,-13.948737,-25.440119
1249,2995254270,arxiv cs cv,arxiv cs cv,True,arxiv cs cv,True,0.15226042,-0.16724478,-0.22141728,14.099157,-0.5287064,9.1367655
1250,2995297220,arxiv cs se,arxiv cs se,True,arxiv cs se,True,-0.6438828,0.19887026,-0.03917385,-2.9887135,-20.862204,0.7355464
1251,2995323052,arxiv cs cv,arxiv cs cv,True,arxiv cs cv,True,0.94896054,0.23201147,-0.17046991,-26.92113,9.134369,-17.834929
1252,2995591407,arxiv cs cv,arxiv cs cv,True,arxiv cs cv,True,0.47000313,-0.18424506,-0.10158344,13.298367,6.299397,-20.112902
1253,2995883407,arxiv cs cv,arxiv cs cv,True,arxiv cs cv,True,0.45005584,0.17231968,-0.38245308,9.306983,5.970395,-0.40300205
1254,2995912970,arxiv cs lg,arxiv cs lg,True,arxiv cs lg,True,-0.1698795,0.2691228,0.076648705,-14.850434,8.773657,14.095842
1255,2996117162,arxiv cs lg,arxiv cs lg,True,arxiv cs lg,True,-0.00789988,0.30078056,0.2754791,-14.190463,-18.038576,8.309731
1256,2996441973,arxiv cs cv,arxiv cs cv,True,arxiv cs cv,True,-0.045286,0.20198244,-0.52446085,9.574476,-2.0949044,22.315247
1257,2996569511,arxiv cs lg,arxiv cs cv,False,arxiv cs cv,False,-0.037207663,-0.20923896,0.253766,20.462646,0.47692797,-21.44497
1258,2996610304,arxiv cs lg,arxiv cs cv,False,arxiv cs cv,False,0.6562971,-0.30975085,0.018803652,26.242752,14.178222,-1.6505725
1259,2996669418,arxiv cs cv,arxiv cs lg,False,arxiv cs cv,True,-0.1858635,0.08648553,-0.080837645,5.070056,-19.948608,7.851365
1260,2996764914,arxiv cs lg,arxiv cs lg,True,arxiv cs lg,True,0.5620543,0.12999292,0.08150154,2.5512345,19.125998,1.064975
1261,2997461898,arxiv cs sd,arxiv cs cv,False,arxiv cs cv,False,-0.24977404,0.48928165,0.05659484,-10.337495,3.452033,17.009241
1262,2997507969,arxiv cs dm,arxiv cs ds,False,arxiv cs ds,False,-0.09926647,0.3558115,-0.07693388,4.684948,14.601913,14.295916
1263,2997842638,arxiv cs ni,arxiv cs it,False,arxiv cs it,False,0.27428854,0.16133334,-0.21292597,-10.431904,12.364751,-7.803477
1264,2997877901,arxiv cs cl,arxiv cs cv,False,arxiv cs cv,False,0.5815438,-0.2209739,0.063706994,27.66125,5.125258,-8.923505
1265,2998911234,arxiv cs lg,arxiv cs cv,False,arxiv cs lg,True,0.55662334,-0.085774496,-0.29560763,-3.6052473,7.4326596,-13.553248
1266,2999202099,arxiv cs dc,arxiv cs dc,True,arxiv cs dc,True,-0.12774622,0.1054841,0.19199204,7.7453346,-4.993626,-16.794437
1267,2999314132,arxiv cs lo,arxiv cs lo,True,arxiv cs lo,True,-0.10540271,0.85390157,-0.0255377,-9.375968,-9.139723,18.936369
1268,2999348373,arxiv cs cc,arxiv cs ds,False,arxiv cs ds,False,-0.42675948,0.38431805,-0.1286202,-5.649235,-24.608028,15.211526
1269,2999361872,arxiv cs it,arxiv cs it,True,arxiv cs it,True,0.081382334,0.3370394,-0.1365434,-4.109312,27.305952,2.6006854
1270,2999368973,arxiv cs cv,arxiv cs cv,True,arxiv cs cv,True,0.14118117,0.12581633,-0.6501012,-24.999716,7.484075,-11.961016
1271,2999772350,arxiv cs ce,arxiv cs lg,False,arxiv cs lg,False,0.17445558,0.071119376,-0.062419094,-13.610876,3.9471178,1.1634656
1272,2999879290,arxiv cs ro,arxiv cs ro,True,arxiv cs ro,True,-0.2965608,0.49905545,0.009670932,-0.19771023,-18.731592,19.264618
1273,2999951053,arxiv cs it,arxiv cs it,True,arxiv cs it,True,-0.10870874,0.5951931,-0.00066772103,-3.2748818,29.363768,5.253343
1274,2999953609,arxiv cs ir,arxiv cs si,False,arxiv cs cl,False,-0.6484449,0.22589791,-0.12895167,-1.4515282,-24.18701,-1.2695254
1275,3000658051,arxiv cs it,arxiv cs it,True,arxiv cs it,True,0.21214098,0.42922318,-0.39637706,-23.151295,16.167145,-10.720074
1276,3000840023,arxiv cs cl,arxiv cs cv,False,arxiv cs cl,True,0.23703551,-0.05304733,-0.029732123,-5.406192,-34.33537,13.713197
1277,3001634048,arxiv cs cr,arxiv cs se,False,arxiv cs ai,False,-0.36335814,-0.34762585,0.11825736,1.9603031,-12.436164,-9.207357
1278,3001904144,arxiv cs ma,arxiv cs gt,False,arxiv cs lg,False,-0.16329795,0.08327602,-0.41432497,4.8467684,-13.903776,29.165073
1279,3002181530,arxiv cs ds,arxiv cs ds,True,arxiv cs ds,True,0.21831608,-0.23115157,1.0670937,17.745502,24.880142,10.654974
1280,3003498882,arxiv cs cv,arxiv cs cv,True,arxiv cs cv,True,0.14736956,0.16019481,-0.38401654,-3.7744303,8.083037,-0.6934326
1281,3003587002,arxiv cs cl,arxiv cs cl,True,arxiv cs cl,True,-0.11846256,-0.35511065,0.32539004,13.648725,-12.453225,-16.106815
1282,3004194992,arxiv cs it,arxiv cs cr,False,arxiv cs it,True,-0.47311977,0.018509924,-0.013449855,-1.0302716,-13.756889,-9.513064
1283,3004355950,arxiv cs cv,arxiv cs cv,True,arxiv cs cv,True,0.59656155,-0.36286741,-0.27970055,6.3409557,8.536836,-6.8376975
1284,3004513934,arxiv cs it,arxiv cs ni,False,arxiv cs ni,False,-0.56438136,0.061415642,0.009825751,-7.2205,-11.867742,-30.154366
1285,3004567884,arxiv cs ar,arxiv cs dc,False,arxiv cs cv,False,-0.04151416,0.2005587,-0.5730586,-5.57299,3.0219314,6.4771495
1286,3004580762,arxiv cs lg,arxiv cs lg,True,arxiv cs lg,True,0.25582778,-0.15922476,-0.012814581,-16.303316,9.847533,-6.154943
1287,3004634366,arxiv cs cr,arxiv cs cr,True,arxiv cs cr,True,-0.29887265,0.18555178,0.37666818,-15.603743,-21.739601,-20.924627
1288,3004815632,arxiv cs ro,arxiv cs lg,False,arxiv cs lg,False,0.056117892,-0.05486794,-0.035035737,2.6919825,-1.081284,-4.57656
1289,3004903382,arxiv cs lg,arxiv cs ai,False,arxiv cs lg,True,0.29985273,-0.22866456,0.07681819,9.853145,12.80435,-12.977538
1290,3005077188,arxiv cs cr,arxiv cs dc,False,arxiv cs cr,True,-0.12593007,0.27462783,-0.054032005,-19.88438,-5.225829,-20.672909
1291,3005251621,arxiv cs cv,arxiv cs cv,True,arxiv cs cv,True,-0.05453974,0.011181816,-0.3627744,6.850082,-5.240353,15.301366
1292,3005701902,arxiv cs ai,arxiv cs ai,True,arxiv cs lg,False,-0.35105938,0.20014268,0.38485083,11.456912,-25.57072,9.459728
1293,3005704921,arxiv cs it,arxiv cs it,True,arxiv cs it,True,-0.08921361,0.3770095,0.26751798,-4.0774784,9.432649,12.954787
1294,3005705715,arxiv cs sd,arxiv cs cv,False,arxiv cs cv,False,0.12755466,-0.11230083,-0.26100835,-3.4766243,3.909295,0.59781194
1295,3005818102,arxiv cs lg,arxiv cs lg,True,arxiv cs lg,True,0.21824723,0.09296631,0.08051409,0.5439472,8.648136,14.108467
1296,3005947094,arxiv cs gt,arxiv cs gt,True,arxiv cs gt,True,-0.19053906,0.36792043,-0.2401014,-10.739569,7.6590595,3.426406
1297,3005974022,arxiv cs ma,arxiv cs lg,False,arxiv cs lg,False,0.1303007,-0.22054957,-0.2751794,-1.1403469,3.955362,-4.8064027
1298,3005978990,arxiv cs cv,arxiv cs cv,True,arxiv cs cv,True,0.18716961,0.059645243,0.07402316,-7.667612,-1.3037868,13.854298
1299,3006021161,arxiv cs cv,arxiv cs cv,True,arxiv cs cv,True,0.35340095,-0.11475156,-0.43542722,-3.8948176,10.16065,-7.924974
1300,3006091301,arxiv cs cc,arxiv cs ds,False,arxiv cs ds,False,0.004625857,0.53911674,0.54008806,-7.1192455,22.263382,23.130035
1301,3006207249,arxiv cs lo,arxiv cs lo,True,arxiv cs lo,True,-0.40746891,0.22410223,0.5464286,-1.8585104,-6.270018,-29.79841
1302,3006416385,arxiv cs cv,arxiv cs cv,True,arxiv cs cv,True,0.18617576,-0.16413017,-0.3932469,-20.029144,4.707602,-24.166967
1303,3006437160,arxiv cs ar,arxiv cs lg,False,arxiv cs lg,False,0.30100226,0.47598886,-0.2694465,-19.37781,12.876071,-2.2555795
1304,3006526404,arxiv cs it,arxiv cs it,True,arxiv cs it,True,0.058405995,0.318224,-0.7522214,-8.595291,29.166172,-14.028202
1305,3006610127,arxiv cs lg,arxiv cs cl,False,arxiv cs cv,False,0.03935206,0.12536103,-0.08523496,6.4641533,2.959034,7.3173304
1306,3006668148,arxiv cs cr,arxiv cs cr,True,arxiv cs cv,False,0.0365566,-0.09730892,-0.13126814,-16.151434,4.7486987,-6.518349
1307,3006716581,arxiv cs gt,arxiv cs ds,False,arxiv cs gt,True,-0.2248478,0.8284848,0.28841728,-3.3771856,12.336908,26.4842
1308,3006809231,arxiv cs dc,arxiv cs dc,True,arxiv cs dc,True,-0.09537965,0.12392252,0.035971906,-22.965431,-4.225781,-18.842579
1309,3006865171,arxiv cs pf,arxiv cs dc,False,arxiv cs dc,False,0.08156347,0.6222256,-0.101604395,-14.614225,13.536518,11.342482
1310,3007727054,arxiv cs ro,arxiv cs ai,False,arxiv cs ai,False,-0.16137081,-0.13758932,-0.00075944513,-14.344943,0.19478591,3.0677226
1311,3007925736,arxiv cs cv,arxiv cs cv,True,arxiv cs cv,True,-0.15874153,-0.35415143,-0.09589679,13.84907,-8.045361,-6.3466473
1312,3008246719,arxiv cs lg,arxiv cs lg,True,arxiv cs lg,True,0.65631473,0.71323186,-0.2826325,-31.028679,14.695424,-2.014792
1313,3008559440,arxiv cs lg,arxiv cs lg,True,arxiv cs lg,True,-0.19348961,-0.115676895,0.055618573,4.9022923,-2.3392036,-14.142453
1314,3008637786,arxiv cs ai,arxiv cs ai,True,arxiv cs lg,False,-0.15797424,-0.15955894,-0.048188575,-4.432742,-1.4710815,-8.600517
1315,3008752511,arxiv cs ds,arxiv cs ds,True,arxiv cs ds,True,-0.6270783,0.38525555,0.45002604,-0.7515719,-25.785126,-23.135048
1316,3008900438,arxiv cs lg,arxiv cs lg,True,arxiv cs lg,True,-0.06321317,0.21185997,0.34068298,-6.798491,18.790487,-25.85656
1317,3009453940,arxiv cs ds,arxiv cs ds,True,arxiv cs ds,True,0.0026416183,0.16365133,0.31670725,1.0378299,17.267206,14.176207
1318,3009761736,arxiv cs cl,arxiv cs cl,True,arxiv cs cl,True,-0.30882278,-0.0069931448,0.16901478,-0.2561524,-0.86454123,-26.30902
1319,3010349053,arxiv cs cv,arxiv cs cv,True,arxiv cs cv,True,-0.40755045,-0.25188327,-0.013961203,-12.285662,-15.1961565,-23.31685
1320,3010526057,arxiv cs cv,arxiv cs cv,True,arxiv cs cv,True,-0.013766706,-0.06256953,-0.30412892,14.462372,-7.1555996,12.639381
1321,3011063025,arxiv cs ds,arxiv cs ds,True,arxiv cs ds,True,0.023976803,0.4094702,0.49594954,3.2469053,15.625965,22.732334
1322,3011201405,arxiv cs cl,arxiv cs cl,True,arxiv cs cl,True,-0.24234527,-0.4544096,0.14472088,12.08163,-11.18723,-4.2938385
1323,3011366956,arxiv cs cl,arxiv cs cl,True,arxiv cs cl,True,-0.5847424,-0.4867838,0.36306632,16.146208,-18.905005,-9.273182
1324,3011810856,arxiv cs cv,arxiv cs cv,True,arxiv cs cv,True,-0.39262682,-0.13478,-0.30444407,-16.564035,-24.31318,14.066774
1325,3011817866,arxiv cs lg,arxiv cs lg,True,arxiv cs lg,True,-0.21820223,0.35244423,0.32365358,-8.514156,5.7035446,22.2141
1327,3011895014,arxiv cs lg,arxiv cs lg,True,arxiv cs cv,False,0.37369776,-0.04673952,0.58499473,21.837332,18.517618,-8.218482
1328,3011967731,arxiv cs cv,arxiv cs cv,True,arxiv cs cv,True,0.43120956,0.021773264,-0.33005977,6.2339826,7.203846,7.313608
1329,3012121305,arxiv cs cv,arxiv cs cv,True,arxiv cs cv,True,0.0877679,-0.34160995,0.011105731,16.345753,2.705437,-22.121408
1330,3012270600,arxiv cs cg,arxiv cs ds,False,arxiv cs ds,False,0.40984464,0.92796445,0.611557,-4.950602,20.15231,20.658009
1707,2623085795,arxiv cs ro,arxiv cs ro,True,arxiv cs sy,False,-0.2654934,0.24299385,-0.40050834,-12.757093,-12.739715,23.95977
1833,2788194436,arxiv cs cr,arxiv cs si,False,arxiv cs si,False,-0.23666352,-0.1850252,-0.19060543,-20.08866,-12.422146,-7.1492968
1874,2798663460,arxiv cs ds,arxiv cs ds,True,arxiv cs ds,True,0.37259066,0.5537828,-0.0032075942,-1.2151464,12.210485,14.590511
1875,2798724621,arxiv cs cv,arxiv cs cv,True,arxiv cs cv,True,-0.27590322,-0.1409346,-0.14982158,12.297503,-14.374101,12.912808
1912,2865062969,arxiv cs cv,arxiv cs cv,True,arxiv cs cv,True,-0.22198427,0.089319795,-0.23172808,-1.2679197,-6.724324,18.665966
1921,2884804062,arxiv cs se,arxiv cs se,True,arxiv cs se,True,-0.62156796,-0.23283316,0.13961886,1.1002353,-19.900345,-14.143624
1930,2887558369,arxiv cs cl,arxiv cs cv,False,arxiv cs cv,False,-0.62823063,-0.13994803,0.18498108,8.613537,-17.162426,-1.8599982
1938,2890022946,arxiv cs cv,arxiv cs cv,True,arxiv cs cv,True,0.09066492,-0.05339423,-0.1673939,14.471985,-6.9519253,25.150301
1940,2890334221,arxiv cs it,arxiv cs it,True,arxiv cs it,True,0.77546024,0.45658922,-0.07274281,-5.994621,17.067726,0.66142756
1944,2894282670,arxiv cs cv,arxiv cs cv,True,arxiv cs cv,True,-0.15776813,0.1276102,-0.25232774,-16.408207,-20.70172,17.869904
1956,2897317743,arxiv cs et,arxiv cs cr,False,arxiv cs cr,False,-0.5605642,-0.2692585,-0.101620086,-7.6414704,-16.591686,-14.554641
1958,2898073613,arxiv cs cv,arxiv cs cv,True,arxiv cs cv,True,0.16971105,0.17276822,-0.16276082,2.1642952,3.5071955,19.02445
1965,2899229958,arxiv cs ni,arxiv cs ni,True,arxiv cs ni,True,-0.27823353,-0.060984924,-0.15658554,-11.575825,-4.851023,-17.751722
1978,2903003865,arxiv cs ir,arxiv cs si,False,arxiv cs ai,False,-0.43960235,0.004772067,-0.053073592,-12.44538,-13.67419,-8.179611
1980,2903069547,arxiv cs cr,arxiv cs cr,True,arxiv cs cr,True,0.14340329,0.1391485,0.21092391,-6.0868263,2.4753711,25.080545
1984,2903592137,arxiv cs cl,arxiv cs cv,False,arxiv cs cv,False,0.18234867,0.09413748,0.014532827,-4.8781066,-33.317474,17.375885
1985,2903699999,arxiv cs cv,arxiv cs cv,True,arxiv cs cv,True,0.0690158,-0.20922,0.19363183,2.8179674,-3.0016687,-27.410769
1991,2906616427,arxiv cs cg,arxiv cs cc,False,arxiv cs ds,False,-0.27531016,0.6488004,0.1757784,-1.9393237,11.391031,24.308004
1993,2907220609,arxiv cs lg,arxiv cs cv,False,arxiv cs cv,False,0.15828437,-0.29712534,0.089967474,29.209257,11.412752,4.896337
1995,2907809499,arxiv cs db,arxiv cs ir,False,arxiv cs cl,False,-0.1324476,-0.41798198,0.10692331,5.7614036,-15.666208,-8.587127
1996,2907822478,arxiv cs cl,arxiv cs cl,True,arxiv cs cl,True,-0.19638503,0.12064477,-0.16878256,21.24622,-5.5914183,22.470758
1997,2908766680,arxiv cs lg,arxiv cs lg,True,arxiv cs lg,True,-0.42208248,-0.048722863,-0.19553527,-15.624617,-10.377255,-4.2816486
1998,2908855967,arxiv cs dc,arxiv cs cv,False,arxiv cs cv,False,0.13480514,0.18964618,-0.27771708,-19.025045,13.942098,-3.819995
1999,2910207440,arxiv cs lg,arxiv cs lg,True,arxiv cs lg,True,0.042185962,0.39109665,-0.09925758,-10.198583,2.759444,13.54475
2000,2910632188,arxiv cs ir,arxiv cs cl,False,arxiv cs cl,False,-0.4185269,-0.228743,-0.067327924,3.6019406,-33.098255,-7.904151
2001,2911115627,arxiv cs cv,arxiv cs cv,True,arxiv cs cv,True,0.14998257,-0.15013017,-0.5761502,13.039486,-4.628707,27.760342
2002,2911179793,arxiv cs cv,arxiv cs cv,True,arxiv cs cv,True,0.2046597,-0.51740855,-0.21083659,21.231688,1.01141,4.1700454
2003,2911365170,arxiv cs lg,arxiv cs lg,True,arxiv cs lg,True,0.11926329,0.3781825,0.19149029,-5.302334,13.8739605,11.4928875
2004,2911429846,arxiv cs cv,arxiv cs cv,True,arxiv cs cv,True,0.41934896,0.015651166,-0.2099098,-26.829754,8.288776,-15.292672
2005,2911582493,arxiv cs cv,arxiv cs cv,True,arxiv cs cv,True,0.26388097,0.55463296,0.117482945,-10.034879,14.012158,31.450312
2006,2911617386,arxiv cs cv,arxiv cs cv,True,arxiv cs cv,True,0.053090513,0.22420825,-0.3400247,6.9001184,-1.5995529,18.106203
2007,2911658635,arxiv cs cv,arxiv cs cv,True,arxiv cs cv,True,0.3319236,-0.42792988,0.19781846,26.24467,6.1145625,-13.592922
2008,2911675299,arxiv cs ni,arxiv cs ni,True,arxiv cs dc,False,-0.36662826,0.19696195,-0.4783957,-14.420243,4.416661,-18.562597
2009,2911884683,arxiv cs ni,arxiv cs ro,False,arxiv cs it,False,-0.23414981,0.1935119,-0.4269339,-12.060922,-22.446346,2.168318
2010,2912688735,arxiv cs ni,arxiv cs ni,True,arxiv cs ni,True,-0.024533212,-0.28132635,-0.4211278,-21.88685,0.055660717,-15.079912
2011,2912691650,arxiv cs cl,arxiv cs cl,True,arxiv cs cl,True,0.3857199,-0.58375055,0.07329213,10.910387,10.787801,-5.2449737
2012,2913127348,arxiv cs cv,arxiv cs cv,True,arxiv cs cv,True,0.67129505,0.12251477,0.010552593,5.0579996,19.142586,-6.082665
2013,2913541399,arxiv cs dc,arxiv cs dc,True,arxiv cs dc,True,1.0107638,0.25852433,0.0667911,-15.254307,12.195491,-12.802486
2014,2913842696,arxiv cs it,arxiv cs it,True,arxiv cs it,True,0.079405606,0.5099332,0.3857418,2.928059,31.895828,5.8125215
2015,2913984713,arxiv cs db,arxiv cs dc,False,arxiv cs dc,False,-0.3448339,0.121529475,0.055737343,10.490563,-19.466106,-20.490047
2016,2914010688,arxiv cs cr,arxiv cs cr,True,arxiv cs cr,True,-0.19814765,0.10320211,-0.21418479,-16.870441,-2.715141,-15.2533655
2017,2914011434,arxiv cs ds,arxiv cs ds,True,arxiv cs ds,True,0.28514135,0.7084811,0.5963532,-2.4999983,17.158752,24.864254
2018,2914297008,arxiv cs si,arxiv cs si,True,arxiv cs si,True,-0.46246928,-0.023830712,0.010108937,-7.5098042,-22.036114,-7.574591
2019,2914568831,arxiv cs gt,arxiv cs si,False,arxiv cs si,False,-0.29611963,-0.10218634,0.076109014,-12.831036,-14.175493,-13.50765
2020,2914627750,arxiv cs cc,arxiv cs ds,False,arxiv cs ds,False,0.57911766,0.6810737,0.6102565,4.466211,25.092497,16.094425
2021,2915483365,arxiv cs lg,arxiv cs lg,True,arxiv cs lg,True,0.5038227,0.39415258,0.19136935,-12.983124,17.890364,8.375214
2022,2915839211,arxiv cs dc,arxiv cs sy,False,arxiv cs sy,False,0.13851863,0.28571197,-0.30533603,-21.302094,15.773125,15.508373
2023,2915953602,arxiv cs ai,arxiv cs ai,True,arxiv cs ai,True,-0.44494665,-0.18703382,0.14828856,-7.7018814,-19.023811,-6.395786
2024,2916912586,arxiv cs ms,arxiv cs dc,False,arxiv cs ds,False,-0.48263907,0.23650071,-0.19739339,-3.1559072,-28.307049,2.6615872
2025,2917584588,arxiv cs gt,arxiv cs cr,False,arxiv cs cr,False,-0.3178524,-0.031090021,0.063915566,-19.273901,-13.976687,-11.129748
2026,2917640112,arxiv cs mm,arxiv cs cv,False,arxiv cs cv,False,0.05265069,-0.046952218,-0.17946061,14.074933,-4.365793,13.650222
2027,2918469223,arxiv cs ro,arxiv cs cv,False,arxiv cs cv,False,-0.16443253,0.2067597,-0.12034354,-21.902002,-18.837294,2.173936
2028,2919853922,arxiv cs it,arxiv cs it,True,arxiv cs it,True,-0.092748046,0.11605129,-0.16345206,-13.68716,-3.3833656,10.303307
2029,2920869810,arxiv cs si,arxiv cs si,True,arxiv cs si,True,-0.51672846,0.100949116,0.13426043,1.430725,-20.174807,1.8869096
2030,2921127630,arxiv cs ro,arxiv cs cv,False,arxiv cs cv,False,0.01766926,0.006258905,-0.25482908,9.616939,-0.0035964046,-1.7079206
2031,2921184280,arxiv cs cv,arxiv cs cv,True,arxiv cs cv,True,0.41378665,-0.2140943,0.18287557,15.727563,12.932398,-10.927241
2032,2921273737,arxiv cs cv,arxiv cs cv,True,arxiv cs cv,True,-0.2552433,-0.09530957,0.25290367,7.363759,-15.0569515,-19.251774
2033,2921318902,arxiv cs cv,arxiv cs cv,True,arxiv cs cv,True,0.09724158,-0.13177691,-0.04553035,5.7991796,-0.38776693,9.681253
2034,2921382142,arxiv cs dc,arxiv cs dc,True,arxiv cs dc,True,0.48012495,0.22984333,-0.216257,-8.106688,20.664246,0.54189545
2035,2921490118,arxiv cs cv,arxiv cs cv,True,arxiv cs cv,True,0.30405736,-0.4449861,0.24709782,18.118677,5.5256586,-4.8170614
2036,2921802110,arxiv cs cv,arxiv cs cv,True,arxiv cs cv,True,0.4701227,-0.35086024,-0.11864313,11.412048,17.466307,-10.818958
2037,2922234463,arxiv cs ro,arxiv cs cv,False,arxiv cs cv,False,-0.08972049,-0.11632092,-0.26312992,5.320248,-4.4697204,8.456401
2038,2922352398,arxiv cs ni,arxiv cs ni,True,arxiv cs ni,True,-0.64835924,0.23368168,-0.1563645,-2.197559,-29.074291,-4.308321
2039,2923098810,arxiv cs gt,arxiv cs dc,False,arxiv cs lg,False,0.20375198,0.19025546,-0.030506395,-7.4114504,18.363878,-24.417587
2041,2924128390,arxiv cs cv,arxiv cs cv,True,arxiv cs cv,True,-0.42180037,0.29336,-0.34203,-4.9722533,-22.113316,17.232054
2042,2925426609,arxiv cs lg,arxiv cs cv,False,arxiv cs lg,True,0.18314046,-0.6038927,0.42255712,25.195412,11.129161,-11.241637
2043,2925563431,arxiv cs cv,arxiv cs cv,True,arxiv cs cv,True,0.7430872,0.52719504,0.21872845,-14.424847,21.037786,9.284978
2044,2928107702,arxiv cs cl,arxiv cs cl,True,arxiv cs cl,True,-0.49482307,-0.41071153,0.42387936,11.307973,-24.362743,-10.277326
2045,2928602793,arxiv cs cv,arxiv cs cv,True,arxiv cs cv,True,-0.10816908,-0.7155286,0.22054625,12.533479,-12.461491,-22.453575
2046,2929155379,arxiv cs it,arxiv cs cr,False,arxiv cs lg,False,-0.2964175,0.010165587,0.18816522,-14.215626,-26.783648,-12.318974
2047,2929571474,arxiv cs cv,arxiv cs cv,True,arxiv cs cv,True,0.38940394,0.02073218,0.050603222,5.0518856,9.550845,4.662936
2048,2930634306,arxiv cs lg,arxiv cs cv,False,arxiv cs cv,False,0.09972376,-0.043832406,0.084528975,-14.979563,0.2002036,-5.3209147
2049,2931449531,arxiv cs dm,arxiv cs cc,False,arxiv cs cc,False,0.31156206,0.52377236,0.6428164,3.323185,25.069675,20.934378
2050,2934128286,arxiv cs cv,arxiv cs cv,True,arxiv cs cv,True,0.0073587894,0.11624746,-0.31173256,1.9432106,1.0710185,19.726229
2051,2934583186,arxiv cs lg,arxiv cs ai,False,arxiv cs ai,False,0.030803263,0.08385321,0.014933441,-16.424381,3.2423413,8.172999
2052,2936102783,arxiv cs cv,arxiv cs cv,True,arxiv cs cv,True,-0.46299455,0.3511401,-0.14792967,0.73284024,-16.267532,16.637407
2053,2936107532,arxiv cs lg,arxiv cs lg,True,arxiv cs lg,True,-0.3849352,0.04407747,0.17493986,1.2115426,-9.666627,-3.7063055
2054,2936191805,arxiv cs lg,arxiv cs cv,False,arxiv cs lg,True,-0.12660289,0.08713406,-0.15712583,-13.124006,-17.763939,13.111724
2055,2936393687,arxiv cs pf,arxiv cs cv,False,arxiv cs cv,False,0.015977561,0.19946516,-0.1273407,-19.407703,-3.5648217,-5.617713
2056,2936458714,arxiv cs cv,arxiv cs cv,True,arxiv cs cv,True,-0.22425437,0.09615701,-0.23561013,3.423443,-12.1979065,13.000677
2057,2936539382,arxiv cs cl,arxiv cs cl,True,arxiv cs cl,True,0.3133862,-0.20849805,0.23445672,16.278713,17.548601,-18.181072
2058,2936585638,arxiv cs lg,arxiv cs cv,False,arxiv cs lg,True,0.46455693,-0.06386393,-0.07252953,-1.2544665,15.946999,1.152116
2059,2937305891,arxiv cs lg,arxiv cs ai,False,arxiv cs ai,False,-0.21593302,-0.03641297,-0.24592197,15.994477,-21.642225,16.273886
2060,2937934951,arxiv cs cv,arxiv cs cv,True,arxiv cs cv,True,0.03755361,0.05853367,0.015143685,-4.1637487,-0.8729163,16.253742
2061,2938726871,arxiv cs cl,arxiv cs cv,False,arxiv cs cv,False,0.37990403,-0.4883293,0.085669525,23.010342,4.978305,-2.7292585
2062,2939097319,arxiv cs cv,arxiv cs cv,True,arxiv cs cv,True,-0.28663033,-0.15844624,-0.0027268827,6.0740914,-14.307647,-0.6268792
2063,2939165775,arxiv cs cv,arxiv cs cl,False,arxiv cs cv,True,-0.1568737,-0.7644667,0.028637487,25.392305,-7.240729,-9.813778
2064,2939341713,arxiv cs cv,arxiv cs cv,True,arxiv cs cv,True,0.73472047,-0.10469173,-0.21806675,2.8050265,16.055256,-10.614279
2065,2939648494,arxiv cs ni,arxiv cs ni,True,arxiv cs ni,True,0.04989195,-0.324436,-0.47286928,-12.775761,12.968027,-21.89438
2066,2939735646,arxiv cs cl,arxiv cs cl,True,arxiv cs cl,True,-0.15705997,-0.29887068,0.24524409,11.377768,-8.26382,-17.31782
2067,2940426316,arxiv cs ds,arxiv cs ds,True,arxiv cs ds,True,-0.056628644,0.45420706,0.053144157,-4.192924,11.804771,19.617641
2068,2940577189,arxiv cs lg,arxiv cs si,False,arxiv cs lg,True,-0.63916874,0.25512242,0.005916685,-17.405033,-27.01169,8.435896
2069,2940760052,arxiv cs cr,arxiv cs cr,True,arxiv cs cr,True,-0.34609997,-0.33262688,0.13325429,-17.940813,-12.226122,-15.919308
2070,2941428910,arxiv cs ir,arxiv cs lg,False,arxiv cs lg,False,0.12830395,0.10672157,-0.21124282,-4.1842957,11.34439,-4.0953956
2071,2942110139,arxiv cs lg,arxiv cs cv,False,arxiv cs cv,False,-0.07276976,-0.24296801,-0.09443139,-6.7273345,-10.535205,14.505988
2072,2942222927,arxiv cs dc,arxiv cs se,False,arxiv cs dc,True,-0.5375594,0.06874355,-0.091313355,-2.0593946,-17.378746,-5.0958214
2073,2942859210,arxiv cs lg,arxiv cs cv,False,arxiv cs cv,False,0.18793947,-0.07661693,-0.19871515,16.91878,9.126428,15.4841
2074,2943199188,arxiv cs lg,arxiv cs ai,False,arxiv cs ai,False,-0.3558958,-0.13349478,0.081698395,-2.4127192,-9.258351,-4.657931
2075,2943960035,arxiv cs cv,arxiv cs cv,True,arxiv cs cv,True,0.2924111,-0.9448968,0.14997849,17.198103,6.795135,-2.3351758
2076,2944089471,arxiv cs cv,arxiv cs cv,True,arxiv cs cv,True,0.24725866,-0.48029548,-0.20866299,19.550394,-1.1296574,0.29842126
2078,2944644116,arxiv cs gt,arxiv cs cc,False,arxiv cs gt,True,-0.178662,0.6647572,0.58762765,-6.326687,14.435247,25.403452
2079,2944694109,arxiv cs ni,arxiv cs lg,False,arxiv cs lg,False,0.33451605,0.092403226,-0.3834876,-6.420564,14.869954,-13.274434
2080,2944754708,arxiv cs cv,arxiv cs cv,True,arxiv cs cv,True,0.29297948,-0.031639993,-0.2881879,4.756486,15.19212,-4.619028
2081,2944876351,arxiv cs lg,arxiv cs cv,False,arxiv cs cv,False,-0.43461096,0.0138852,-0.09014214,-17.14519,-26.278166,3.435801
2082,2944882963,arxiv cs cr,arxiv cs it,False,arxiv cs it,False,-0.46120894,0.15661462,0.30511218,-5.1336007,-20.19905,-20.590776
2083,2944975875,arxiv cs fl,arxiv cs ai,False,arxiv cs ai,False,-0.11095834,0.17100792,0.4825031,3.5571039,14.690972,28.799175
2084,2945115303,arxiv cs lg,arxiv cs lg,True,arxiv cs lg,True,0.5388633,-0.78521466,0.080267906,11.805162,10.250704,-10.399496
2085,2945265499,arxiv cs ai,arxiv cs cl,False,arxiv cs cl,False,0.038817763,-0.4528197,-0.1569404,6.4697037,4.9312,-12.08821
2086,2945374682,arxiv cs it,arxiv cs lg,False,arxiv cs lg,False,0.6957563,0.7384787,1.1191823,1.042519,26.586334,23.078798
2087,2945773929,arxiv cs cv,arxiv cs cv,True,arxiv cs cv,True,0.01497519,-0.0021653175,-0.22397271,-12.108287,-22.095148,20.571518
2088,2945823021,arxiv cs gt,arxiv cs gt,True,arxiv cs gt,True,-0.017820954,0.2524187,0.2138415,8.830484,2.4040575,32.301888
2089,2946150792,arxiv cs pl,arxiv cs ai,False,arxiv cs ai,False,-0.10049963,0.13010411,0.1862126,-20.95138,2.1137278,6.9746327
2090,2946197666,arxiv cs cl,arxiv cs cl,True,arxiv cs cl,True,0.16025418,-0.027841896,0.07406086,8.765648,17.894442,7.7500815
2091,2946247531,arxiv cs ai,arxiv cs se,False,arxiv cs cl,False,-0.47353235,-0.42272723,0.31865758,9.026708,-24.905584,-10.411729
2092,2946269316,arxiv cs lg,arxiv cs cl,False,arxiv cs cv,False,-0.12974507,-0.17734669,0.124068394,-16.978281,-13.4252615,3.924679
2093,2946515652,arxiv cs lg,arxiv cs lg,True,arxiv cs lg,True,0.44646668,0.17476873,-0.102766655,4.815893,20.801336,9.282569
2095,2946864100,arxiv cs cv,arxiv cs lg,False,arxiv cs lg,False,0.12681657,0.22390181,0.2734633,12.084711,13.250376,9.358561
2096,2946949467,arxiv cs lg,arxiv cs lg,True,arxiv cs lg,True,-0.39885774,0.16419597,0.22810423,6.0190983,-24.735098,4.3337545
2097,2947087177,arxiv cs lg,arxiv cs cv,False,arxiv cs cv,False,0.05036986,0.04305449,-0.13060266,-11.922245,-6.0723753,7.9223013
2098,2947241716,arxiv cs lg,arxiv cs ai,False,arxiv cs lg,True,-0.32073095,0.29875702,0.04999406,-11.696672,-18.076376,8.031936
2099,2947410788,arxiv cs cv,arxiv cs cv,True,arxiv cs cv,True,-0.04799664,-0.30282998,0.15851507,21.117693,-3.3733594,-15.722856
2100,2947494807,arxiv cs sy,arxiv cs cr,False,arxiv cs cr,False,0.18789989,0.120202586,0.15316778,-8.809142,1.2320669,26.290218
2101,2947584463,arxiv cs cr,arxiv cs it,False,arxiv cs it,False,0.069800556,0.29524696,-0.021669917,1.8698704,31.006998,7.645687
2102,2947652115,arxiv cs lg,arxiv cs lg,True,arxiv cs lg,True,0.27859175,0.118587926,0.11627665,-13.465612,6.252453,11.209851
2103,2947781524,arxiv cs lg,arxiv cs ds,False,arxiv cs ds,False,0.3201853,0.38179272,0.048521552,-15.336918,18.73761,14.94362
2104,2947795501,arxiv cs ai,arxiv cs ai,True,arxiv cs lg,False,-0.33165038,-0.077858195,0.101181194,-9.896592,-11.548967,-7.634606
2105,2947980899,arxiv cs lg,arxiv cs cv,False,arxiv cs cv,False,0.013337135,-0.12718485,-0.18970263,-4.0530777,-9.339134,0.6331337
2106,2948117287,arxiv cs cl,arxiv cs lg,False,arxiv cs cl,True,-0.11180943,0.13748926,0.089115605,-20.787754,-12.8552885,3.282942
2107,2948163029,arxiv cs cr,arxiv cs cr,True,arxiv cs cr,True,-0.34114936,-0.02975808,-0.29269636,-14.929558,-2.7879639,-13.682941
2108,2948204817,arxiv cs lg,arxiv cs lg,True,arxiv cs lg,True,0.74859,-0.10558598,0.16910961,11.296508,20.851683,-7.938656
2109,2948394578,arxiv cs it,arxiv cs it,True,arxiv cs it,True,0.0748508,0.76254934,0.42759156,-15.425928,13.649899,23.698093
2110,2948517885,arxiv cs lg,arxiv cs cv,False,arxiv cs cv,False,-0.2312808,0.118873805,-0.22486979,-9.337048,-30.502516,5.2848096
2111,2948818258,arxiv cs cv,arxiv cs cv,True,arxiv cs cv,True,0.012706459,-0.66992676,0.3813758,26.019127,-4.6692653,-4.82538
2112,2948856712,arxiv cs cv,arxiv cs cv,True,arxiv cs cv,True,0.2832867,-0.14657833,-0.38300693,27.017885,-5.4244833,21.531445
2117,2949139067,arxiv cs cv,arxiv cs cv,True,arxiv cs cv,True,0.4748751,0.045068115,0.05831617,-2.8058045,20.146696,1.4376109
2128,2949364519,arxiv cs lg,arxiv cs cv,False,arxiv cs cv,False,0.014069438,-0.13690455,0.1799702,5.2980857,-34.93698,1.5440887
2156,2949771292,arxiv cs cl,arxiv cs cl,True,arxiv cs cl,True,0.23545575,-0.82729006,0.65940946,18.821432,-8.655109,-17.010376
2158,2949803778,arxiv cs lg,arxiv cs lg,True,arxiv cs cv,False,0.7924677,0.21703413,-0.17867392,-30.14084,15.578114,-2.6062374
2182,2950297794,arxiv cs lg,arxiv cs cv,False,arxiv cs cv,False,0.095838845,0.41273087,-0.07801481,-5.2135406,24.871618,4.0212097
2184,2950310676,arxiv cs cv,arxiv cs cv,True,arxiv cs cv,True,0.27894652,0.015830338,-0.3277342,3.927131,6.0974298,2.8960526
2187,2950368691,arxiv cs se,arxiv cs cl,False,arxiv cs cv,False,-0.086176336,-0.18144344,0.15977187,-3.5986445,-4.9347386,-17.981085
2202,2950620769,arxiv cs db,arxiv cs dc,False,arxiv cs dc,False,0.84450126,0.040002346,-0.3193755,-9.173175,13.005877,-14.373129
2208,2950700477,arxiv cs cl,arxiv cs cl,True,arxiv cs cl,True,-0.68571615,-0.09402232,0.030343678,-0.5093026,-14.509721,-33.033024
2218,2950870475,arxiv cs cg,arxiv cs ds,False,arxiv cs ds,False,-0.256257,0.6023556,0.117278546,-4.6287208,-1.3130451,32.129932
2231,2951085298,arxiv cs cg,arxiv cs ds,False,arxiv cs ds,False,-0.27867174,0.45661956,-0.018680684,-2.5412896,-1.7507508,31.035402
2243,2951281253,arxiv cs cl,arxiv cs cl,True,arxiv cs cl,True,-0.04080248,-0.33919978,0.52149165,21.776796,-2.0379572,-8.373932
2244,2951300823,arxiv cs it,arxiv cs it,True,arxiv cs it,True,0.22341156,0.33853865,0.33132493,-4.607681,11.868719,12.37398
2245,2951322441,arxiv cs cv,arxiv cs cv,True,arxiv cs cv,True,-0.049755275,-0.107900575,0.009614669,-7.9636707,-8.811311,8.226609
2250,2951435470,arxiv cs cv,arxiv cs cv,True,arxiv cs cv,True,0.55610394,-0.28272647,-0.4371311,26.361732,3.7969234,17.116554
2259,2951620372,arxiv cs lo,arxiv cs lo,True,arxiv cs lo,True,-0.77011764,0.59273916,0.0143671,0.29770097,-25.449562,18.221865
2262,2951671802,arxiv cs lg,arxiv cs lg,True,arxiv cs lg,True,-0.14142722,0.12776999,-0.06648,-11.90465,-10.14103,-7.3844786
2266,2951707807,arxiv cs si,arxiv cs si,True,arxiv cs si,True,-0.19541967,0.4950056,-0.04148235,-10.133861,1.2822362,18.611538
2278,2951951415,arxiv cs dm,arxiv cs ds,False,arxiv cs it,False,-0.3177399,0.23477094,0.17500466,4.2221146,-20.75387,4.672215
2293,2952121261,arxiv cs si,arxiv cs si,True,arxiv cs si,True,-0.5857396,-0.26702964,0.18299808,-2.5360515,-26.547918,-13.524923
2294,2952129533,arxiv cs ds,arxiv cs ds,True,arxiv cs ds,True,-0.21383685,0.525223,0.0005989373,-1.4619521,-8.3580065,29.421095
2298,2952211922,arxiv cs lo,arxiv cs ai,False,arxiv cs ds,False,1.1993501,0.25431746,0.24270329,11.412413,24.600584,-13.246666
2318,2952512744,arxiv cs cl,arxiv cs cl,True,arxiv cs cl,True,-0.2626428,-0.19818042,0.051668502,8.812131,-13.569826,-15.336003
2321,2952538852,arxiv cs ai,arxiv cs ds,False,arxiv cs lg,False,0.17323339,0.26574838,0.21695745,-17.868294,12.128516,10.961032
2347,2952935561,arxiv cs cl,arxiv cs cl,True,arxiv cs cl,True,0.43072772,0.05759027,0.5090404,6.6789684,21.696623,-16.651712
2366,2953232659,arxiv cs ni,arxiv cs ni,True,arxiv cs ni,True,0.24637163,-0.21413435,-0.49775827,-10.290644,10.876259,-18.094007
2367,2953271402,arxiv cs cl,arxiv cs cl,True,arxiv cs cl,True,-0.83841616,0.0006747842,0.543519,0.80243,-18.71844,-22.127241
2368,2953281537,arxiv cs cv,arxiv cs cv,True,arxiv cs cv,True,0.23927748,0.37963754,-0.26887947,7.5977287,2.6560142,18.079245
2378,2953500328,arxiv cs cv,arxiv cs cv,True,arxiv cs cv,True,0.29966223,-0.266931,-0.068616726,15.914906,15.068324,-16.609402
2379,2953500442,arxiv cs pf,arxiv cs it,False,arxiv cs it,False,-0.30287567,0.4399945,-0.07836174,-21.801613,27.48087,-5.3516517
2381,2954098871,arxiv cs cv,arxiv cs cv,True,arxiv cs cv,True,-0.09289014,0.09708415,-0.35588917,15.186866,-11.01963,19.975458
2383,2954503825,arxiv cs ai,arxiv cs lo,False,arxiv cs ai,True,-0.29823866,0.26185066,0.9288932,-9.714629,19.888628,27.308905
2384,2954901156,arxiv cs lg,arxiv cs cv,False,arxiv cs cv,False,0.14260751,-0.20668493,0.0011677667,25.797682,-3.8031752,-0.11031385
2386,2956239224,arxiv cs it,arxiv cs ni,False,arxiv cs ni,False,0.070848644,0.09842378,-0.4398644,-11.1122875,17.354338,-17.588442
2387,2956842124,arxiv cs ds,arxiv cs ds,True,arxiv cs ds,True,0.74767876,0.62653804,0.33270937,-12.200084,24.32282,15.885536
2388,2957455719,arxiv cs ms,arxiv cs ds,False,arxiv cs ds,False,-0.28597775,0.43653864,0.323491,8.860528,8.203591,28.474375
2389,2958904785,arxiv cs lg,arxiv cs cv,False,arxiv cs cv,False,0.51195765,-0.07316868,-0.2737803,5.440969,8.779046,-15.998315
2390,2960459435,arxiv cs hc,arxiv cs lg,False,arxiv cs lg,False,0.30386853,0.22055784,0.10675435,-18.786064,4.5354877,23.68033
2391,2960643108,arxiv cs cv,arxiv cs cv,True,arxiv cs cv,True,-0.23975289,0.26818115,0.12657245,-18.543556,-11.558537,6.9477677
2392,2960678471,arxiv cs cv,arxiv cs cv,True,arxiv cs cv,True,0.28886676,-0.2098421,-0.29887864,9.460425,8.239513,-1.6408818
2393,2961905367,arxiv cs cv,arxiv cs cv,True,arxiv cs cv,True,0.22505808,-0.2476934,-0.028683007,11.406882,6.7673426,-6.10894
2394,2962522071,arxiv cs cc,arxiv cs it,False,arxiv cs it,False,-0.24308848,0.25813285,0.4590273,-0.90511215,8.846956,33.258026
2395,2962687069,arxiv cs cv,arxiv cs cv,True,arxiv cs cv,True,-0.03542626,0.00061142445,0.019100051,-13.44562,-8.356974,14.571411
2396,2962785319,arxiv cs lg,arxiv cs cv,False,arxiv cs cv,False,-0.23575628,0.34120196,0.11810328,3.7393367,-21.872108,21.894388
2397,2962792336,arxiv cs ds,arxiv cs ds,True,arxiv cs ds,True,0.14378941,0.5363212,0.61862785,-9.674301,21.127304,18.699507
2398,2963179857,arxiv cs cv,arxiv cs cv,True,arxiv cs cv,True,0.19136637,-0.4685347,-0.19448498,15.136929,-0.16404934,-2.641474
2402,2963653872,arxiv cs lg,arxiv cs ai,False,arxiv cs ai,False,0.21991247,-0.23582529,0.8416632,10.851979,15.930189,27.326202
2403,2963887424,arxiv cs cl,arxiv cs cl,True,arxiv cs cl,True,0.36684823,0.040771022,-0.4444523,-8.146317,10.19869,-5.0719957
2404,2964363005,arxiv cs dl,arxiv cs dl,True,arxiv cs dl,True,-0.76745844,0.1009988,0.029300343,-4.3821416,-24.450891,-5.1426425
2405,2964571230,arxiv cs ai,arxiv cs si,False,arxiv cs ai,True,-0.8301408,-0.3020665,0.05245522,2.291294,-13.5955515,-21.58817
2408,2964775299,arxiv cs cv,arxiv cs cv,True,arxiv cs cv,True,0.15816945,0.44391066,-0.59068877,-22.309456,8.336953,-16.289886
2409,2965149155,arxiv cs lg,arxiv cs lg,True,arxiv cs lg,True,0.36655092,0.18844454,0.17978694,-10.903531,15.852761,8.218028
2410,2965381791,arxiv cs lg,arxiv cs cv,False,arxiv cs cv,False,-0.04403305,0.16807325,-0.19519413,-12.554624,2.1704454,2.4263086
2411,2965647350,arxiv cs cl,arxiv cs cl,True,arxiv cs cl,True,-0.6930048,-0.21923642,0.34768638,0.60213476,-15.354895,-25.084507
2412,2965940031,arxiv cs lg,arxiv cs lg,True,arxiv cs cv,False,0.41925848,0.09215676,-0.28298104,-1.6628314,18.3879,-1.9819777
2413,2966114040,arxiv cs cl,arxiv cs cl,True,arxiv cs cl,True,0.26724017,-0.15747954,-0.20015562,-10.7370825,4.2791834,-5.7593403
2414,2966253987,arxiv cs cv,arxiv cs cv,True,arxiv cs cv,True,-0.5427106,-0.50532186,0.3010484,16.314133,-17.689816,-14.267564
2415,2966493829,arxiv cs cv,arxiv cs cv,True,arxiv cs cv,True,-0.029722571,-0.38905418,-0.07852804,20.771814,-3.6564631,-0.6424202
2416,2966880194,arxiv cs cv,arxiv cs cv,True,arxiv cs cv,True,-0.14066797,-0.22544335,0.04691781,-8.621696,-4.5331664,-21.78118
2417,2967277378,arxiv cs se,arxiv cs ai,False,arxiv cs ai,False,-0.49361396,-0.18706052,0.3771079,12.191157,-26.119024,-13.542937
2418,2967770202,arxiv cs cv,arxiv cs cv,True,arxiv cs cv,True,-0.007068634,0.2420581,-0.23090711,-23.663923,-10.164239,9.834772
2419,2967800923,arxiv cs cr,arxiv cs cr,True,arxiv cs cr,True,-0.28844473,0.12788603,0.08299585,-5.7839637,-14.4598055,24.352928
2420,2968149214,arxiv cs dc,arxiv cs dc,True,arxiv cs dc,True,-0.16474044,0.12668942,-0.101592146,-13.00215,-5.6551075,-21.941015
2421,2968927416,arxiv cs ir,arxiv cs cl,False,arxiv cs cl,False,-0.20209664,-0.45468193,0.17374432,23.969109,-14.733198,4.5792875
2422,2969088103,arxiv cs cr,arxiv cs cr,True,arxiv cs cr,True,-0.2586859,0.12781529,-6.7956746e-05,-6.255299,-16.887344,2.8733382
2423,2969391369,arxiv cs lg,arxiv cs lg,True,arxiv cs lg,True,-0.32911035,-0.081301585,0.17988937,-29.71873,1.9028169,1.1361537
2424,2969446490,arxiv cs lg,arxiv cs cv,False,arxiv cs lg,True,0.15745986,-0.31803942,0.26095918,25.53834,10.277391,4.6302977
2425,2969475968,arxiv cs cy,arxiv cs si,False,arxiv cs si,False,-0.5407691,-0.45701796,0.20686951,0.7040866,-25.96993,-11.762432
2426,2969513720,arxiv cs lg,arxiv cs cl,False,arxiv cs cl,False,0.47380984,-0.3508914,-0.33966714,-3.2565765,12.260493,-12.035309
2427,2969614312,arxiv cs cv,arxiv cs cv,True,arxiv cs cv,True,-0.23376834,0.1619562,-0.48458737,8.796448,-12.552898,19.621292
2428,2969958432,arxiv cs hc,arxiv cs si,False,arxiv cs cy,False,-0.5098499,-0.26272583,-0.10154069,2.370873,-19.480255,-12.019194
2429,2970210011,arxiv cs lg,arxiv cs cv,False,arxiv cs cv,False,-0.0051887035,-0.15430166,0.29053944,30.561575,-2.1165555,2.6803107
2430,2970223322,arxiv cs lg,arxiv cs cv,False,arxiv cs cv,False,0.016480029,0.06250504,0.007920295,-11.110332,-7.7473884,10.955923
2431,2970317033,arxiv cs lo,arxiv cs ai,False,arxiv cs lo,True,-0.7153562,-0.1010337,0.1634615,4.9332724,-27.26784,-13.459367
2432,2970809335,arxiv cs cl,arxiv cs cl,True,arxiv cs cl,True,0.14050132,-0.036752626,0.4755703,19.024187,-0.52530843,-13.829873
2433,2970928602,arxiv cs cv,arxiv cs cv,True,arxiv cs cv,True,0.3757174,-0.057276994,-0.07263634,9.752854,5.003346,3.6405253
2434,2970978489,arxiv cs lo,arxiv cs lo,True,arxiv cs ai,False,-0.25185007,0.39052948,0.3279396,1.6467569,13.301339,28.581308
2435,2971020915,arxiv cs se,arxiv cs dc,False,arxiv cs dc,False,-0.13389027,-0.2664889,-0.15767908,2.881461,3.1371288,-16.484371
2436,2971023111,arxiv cs cv,arxiv cs cv,True,arxiv cs cv,True,0.4810524,-0.18382625,-0.10445268,23.547274,6.869836,-19.28955
2437,2971081346,arxiv cs cv,arxiv cs cv,True,arxiv cs cv,True,-0.20982039,-0.20703985,-0.11359296,15.352408,-8.159173,10.758034
2438,2971147422,arxiv cs cr,arxiv cs cr,True,arxiv cs cr,True,-0.4107357,-0.37682724,0.004976772,-7.065004,-8.225605,-33.72507
2439,2971168382,arxiv cs cl,arxiv cs cl,True,arxiv cs cl,True,-0.21266693,-0.20652111,0.034922257,15.181261,-18.467367,5.525985
2440,2971315579,arxiv cs ne,arxiv cs cv,False,arxiv cs cv,False,-0.49481267,0.25536412,-0.1871973,1.1904713,-23.616158,10.821568
2441,2971355948,arxiv cs cv,arxiv cs cv,True,arxiv cs cv,True,0.4068402,-0.83156013,0.27843925,22.950287,8.406075,-1.9131771
2442,2971478733,arxiv cs cv,arxiv cs cv,True,arxiv cs cv,True,0.086722314,-0.054099813,-0.30637187,1.1136198,8.636756,-7.0487795
2443,2971524697,arxiv cs cv,arxiv cs cv,True,arxiv cs cv,True,0.50440896,-0.31668252,0.42343643,21.67161,11.663354,-17.991
2444,2971570684,arxiv cs cl,arxiv cs cl,True,arxiv cs cv,False,-0.12837964,-0.06592582,0.10227756,-15.362053,-5.343899,-1.8586811
2445,2971636050,arxiv cs ai,arxiv cs se,False,arxiv cs ai,True,-0.26904213,-0.11678828,-0.1170743,-12.290423,-4.95002,-4.9119596
2446,2971753360,arxiv cs se,arxiv cs lg,False,arxiv cs lg,False,-0.23524916,-0.0684064,0.02042415,-25.360868,-1.8909563,15.407827
2447,2971802465,arxiv cs cv,arxiv cs cv,True,arxiv cs cv,True,-0.12302834,-0.104293,0.19956768,-3.5330482,0.46131673,-19.688322
2448,2971967224,arxiv cs ds,arxiv cs ds,True,arxiv cs ds,True,0.37598276,0.6606447,0.40925804,-6.563232,28.142635,16.217875
2449,2972058389,arxiv cs gt,arxiv cs gt,True,arxiv cs gt,True,-0.5946316,0.23771073,0.17735465,5.0384645,-26.56852,8.457139
2451,2972591492,arxiv cs cl,arxiv cs cl,True,arxiv cs cl,True,-0.34768763,-0.30702692,-0.14980695,22.009624,-20.961613,-1.0174453
2452,2972813898,arxiv cs cv,arxiv cs cv,True,arxiv cs cv,True,-0.13470924,-0.1165563,-0.23295519,23.707512,-5.291204,18.869987
2453,2973305223,arxiv cs ro,arxiv cs cv,False,arxiv cs cv,False,-0.31904244,0.36185557,-0.1655941,-0.3453057,-17.1528,19.898369
2454,2973421611,arxiv cs ro,arxiv cs ro,True,arxiv cs ro,True,0.18133003,-0.06773241,-0.23181137,11.410943,9.154499,18.484375
2455,2973457379,arxiv cs lg,arxiv cs lg,True,arxiv cs lg,True,-0.12247872,0.12517504,-0.3659604,-5.0034304,5.484063,10.13693
2456,2973611093,arxiv cs ai,arxiv cs ai,True,arxiv cs cl,False,-0.16455561,-0.4442163,0.05438978,7.648461,-7.320827,-8.554092
2457,2973626746,arxiv cs ni,arxiv cs ni,True,arxiv cs ni,True,-0.07361853,-0.022223428,-0.29834503,-14.315628,14.683953,-20.970228
2458,2973650171,arxiv cs lg,arxiv cs lg,True,arxiv cs lg,True,0.35722375,0.34809577,-0.21225098,-9.303229,14.354855,-4.5479918
2459,2974097630,arxiv cs cr,arxiv cs se,False,arxiv cs se,False,-0.27346802,-0.12965088,-0.29402834,2.411602,-11.892299,18.303982
2460,2974351790,arxiv cs cv,arxiv cs cv,True,arxiv cs cv,True,0.08422738,-0.32995713,-0.24736297,14.146451,-1.4608781,-0.8052916
2461,2974373334,arxiv cs it,arxiv cs ds,False,arxiv cs lg,False,0.06828332,0.5657959,0.8339266,-7.509355,18.084826,26.731487
2462,2974561396,arxiv cs cv,arxiv cs cv,True,arxiv cs cv,True,0.26667345,-0.02978082,-0.29080874,9.647711,7.4941773,7.338489
2463,2974621645,arxiv cs ro,arxiv cs ro,True,arxiv cs cv,False,-0.743576,0.07332611,-0.05209259,-2.5042856,-26.769306,-2.9532578
2464,2974636823,arxiv cs gt,arxiv cs gt,True,arxiv cs gt,True,-0.49958664,-0.117596224,0.39677742,-8.2174635,-26.678888,-17.510534
2465,2974872462,arxiv cs ro,arxiv cs ro,True,arxiv cs it,False,0.16322774,0.15421347,-0.11498285,-5.657819,24.45085,11.229014
2466,2974947902,arxiv cs cv,arxiv cs cv,True,arxiv cs cv,True,0.2477293,0.23856214,-0.16521421,7.6028237,3.6260674,12.043896
2467,2975308228,arxiv cs lg,arxiv cs cl,False,arxiv cs cl,False,-0.33375147,-0.5504926,0.26275176,8.897729,-3.5467014,-26.053656
2468,2975892186,arxiv cs lg,arxiv cs lg,True,arxiv cs cv,False,0.6841003,0.23147042,-0.017869882,-10.090451,17.38555,-1.5450294
2469,2976730488,arxiv cs it,arxiv cs it,True,arxiv cs it,True,-0.08479273,0.48576897,0.00071195513,-5.9258194,31.030901,3.806398
2471,2977090839,arxiv cs lg,arxiv cs lg,True,arxiv cs lg,True,0.2597878,-0.121211424,-0.03297081,-3.6942163,14.097299,-18.619316
2472,2977258053,arxiv cs ds,arxiv cs ds,True,arxiv cs ds,True,0.31191957,0.5195865,0.33362114,0.18038009,22.469429,17.477156
2473,2977511115,arxiv cs it,arxiv cs cv,False,arxiv cs it,True,0.054688096,0.16907136,-0.17318746,-7.517093,0.09274544,10.10103
2474,2977691286,arxiv cs gt,arxiv cs gt,True,arxiv cs gt,True,0.15247011,0.44456565,0.38882706,-10.166778,13.058768,25.568798
2475,2977861642,arxiv cs ar,arxiv cs dc,False,arxiv cs dc,False,-0.1792146,0.21730924,0.07970756,-21.841087,12.711029,3.0835488
2476,2978149508,arxiv cs ma,arxiv cs lg,False,arxiv cs lg,False,-0.12552732,-0.11019899,0.16113135,-17.115667,5.2117224,13.755037
2477,2978438412,arxiv cs lg,arxiv cs lg,True,arxiv cs lg,True,-0.54122996,0.062176347,0.056137264,-2.4497368,-11.267932,-33.83861
2478,2978496444,arxiv cs it,arxiv cs cc,False,arxiv cs cc,False,0.29795122,0.55886775,0.6389488,-2.995821,21.733217,23.889317
2479,2978985043,arxiv cs lg,arxiv cs ai,False,arxiv cs ai,False,0.23960638,-0.61029464,0.34291548,27.341127,11.326629,-12.256513
2480,2979060532,arxiv cs cv,arxiv cs cv,True,arxiv cs cv,True,0.64115727,-0.4929977,-0.1761879,12.081654,13.179313,-2.4950323
2481,2979896835,arxiv cs lg,arxiv cs lg,True,arxiv cs lg,True,0.0073258877,-0.054817885,0.31963652,31.590223,-1.4642967,5.3602605
2482,2979914224,arxiv cs cy,arxiv cs gt,False,arxiv cs ai,False,-0.7661768,-0.042660847,0.402188,-2.746474,-19.06096,-23.849083
2483,2980085897,arxiv cs lg,arxiv cs cv,False,arxiv cs cv,False,-0.054977894,-0.08451004,-0.17009196,16.254904,-13.582567,20.541836
2484,2980127118,arxiv cs ro,arxiv cs ro,True,arxiv cs ro,True,0.2035256,0.05399263,-0.13928235,0.9055398,8.706795,4.9684896
2485,2980139307,arxiv cs cv,arxiv cs cv,True,arxiv cs cv,True,-0.39641085,-0.05601254,0.075199775,3.9651926,-23.557756,-4.21398
2486,2980175187,arxiv cs cv,arxiv cs cv,True,arxiv cs cv,True,-0.12719327,-0.13443716,-0.10550807,9.900655,-9.639123,7.599712
2487,2980347357,arxiv cs sd,arxiv cs cv,False,arxiv cs cv,False,-0.08128607,0.16583022,-0.35940585,16.506247,-12.390474,22.97283
2488,2980349752,arxiv cs lg,arxiv cs cl,False,arxiv cs cv,False,-0.49657634,0.024661377,-0.01752267,-16.620674,-25.167162,9.772578
2489,2980361022,arxiv cs si,arxiv cs si,True,arxiv cs si,True,-0.43156713,-0.03105408,-0.4717121,-11.075467,-29.14638,14.342023
2490,2980389165,arxiv cs lg,arxiv cs cv,False,arxiv cs cv,False,0.45853257,-0.21983628,-0.73583096,-23.666819,5.3024206,-18.433704
2491,2980421174,arxiv cs ro,arxiv cs cv,False,arxiv cs cv,False,-0.2347495,-0.20946698,0.4308872,16.701029,-19.589478,0.4722304
2492,2980467920,arxiv cs ro,arxiv cs cv,False,arxiv cs cv,False,0.15448481,-0.6980405,0.2722797,34.208626,-8.995909,-3.4874303
2493,2980567080,arxiv cs lg,arxiv cs lg,True,arxiv cs lg,True,-0.30870262,-0.024394214,-0.13207859,-11.159029,-16.164381,-3.8748276
2494,2980590559,arxiv cs mm,arxiv cs cv,False,arxiv cs cv,False,0.60684824,-0.007949665,-0.4710582,-0.70003414,13.850589,-8.729698
2495,2980663152,arxiv cs cv,arxiv cs cv,True,arxiv cs cv,True,-0.10165566,0.082506455,-0.010085501,16.18894,-16.376461,20.820892
2496,2980749867,arxiv cs lg,arxiv cs cv,False,arxiv cs cv,False,0.5400536,-0.17246138,0.11208381,26.091467,15.640623,1.823557
2497,2981125235,arxiv cs dc,arxiv cs cv,False,arxiv cs cv,False,-0.3227589,-0.34366858,0.067436956,-5.1568346,-14.832348,-9.084604
2498,2981155416,arxiv cs lg,arxiv cs lg,True,arxiv cs cv,False,-0.041756272,0.3101275,0.001764115,-21.563532,-5.081715,19.854494
2499,2981164235,arxiv cs lo,arxiv cs lo,True,arxiv cs lo,True,-0.029279709,0.22540551,0.45383033,7.5529823,15.756987,27.643112
2500,2981202322,arxiv cs cv,arxiv cs cl,False,arxiv cs cv,True,-0.12688571,-0.3318432,0.3148171,12.465281,-10.210912,-20.22727
2501,2981959292,arxiv cs dc,arxiv cs ni,False,arxiv cs ni,False,0.021996439,-0.054392964,-0.3181784,-9.540511,16.04016,-19.266195
2502,2982087639,arxiv cs ne,arxiv cs lg,False,arxiv cs lg,False,-0.3464155,0.18145958,0.043569356,6.9221478,-26.411045,16.548498
2503,2982167226,arxiv cs it,arxiv cs it,True,arxiv cs it,True,0.05107069,0.5338995,-0.111715205,-7.8165197,27.909801,2.2020683
2504,2982267219,arxiv cs ir,arxiv cs lg,False,arxiv cs cv,False,-0.33628443,-0.12352876,0.031978913,5.173314,-32.811504,-8.099447
2505,2982306801,arxiv cs cv,arxiv cs cv,True,arxiv cs cv,True,0.62914574,-0.37190866,-0.2357314,11.020364,11.378334,-0.63248974
2506,2982316528,arxiv cs se,arxiv cs lo,False,arxiv cs lo,False,-0.35289752,0.05548559,-0.02838774,-12.456503,-18.070068,-6.9370475
2507,2982415841,arxiv cs ro,arxiv cs ro,True,arxiv cs ro,True,0.38513696,-0.17633282,-0.79856205,-26.776731,4.2655907,-11.621294
2508,2982646697,arxiv cs cv,arxiv cs cv,True,arxiv cs cv,True,-0.16477531,-0.056961,0.21570995,-20.30347,-8.731648,10.2293825
2509,2983011721,arxiv cs it,arxiv cs ni,False,arxiv cs ni,False,-0.38836986,-0.018743187,-0.11076308,-14.14653,-18.055782,-15.309343
2510,2983799383,arxiv cs ro,arxiv cs cv,False,arxiv cs cv,False,0.20171106,0.16554509,-0.36115265,-22.072304,10.663526,-7.497598
2511,2984242138,arxiv cs cr,arxiv cs cr,True,arxiv cs cr,True,0.10844326,-0.14770974,0.00011153519,-3.7679057,10.878224,-25.462872
2512,2984507463,arxiv cs cv,arxiv cs cv,True,arxiv cs cv,True,-0.12575984,-0.23100309,0.059307545,8.421158,-9.074298,-4.7284727
2513,2985552372,arxiv cs cv,arxiv cs cv,True,arxiv cs cv,True,0.11404121,-0.14648126,-0.45922524,-0.21466662,6.83333,0.5370147
2514,2985652301,arxiv cs ro,arxiv cs cv,False,arxiv cs cv,False,-0.27407908,-0.001130864,-0.57912374,-20.09609,5.8267045,-10.012631
2515,2987000638,arxiv cs ai,arxiv cs cr,False,arxiv cs cr,False,-0.14356375,-0.117292866,0.030831572,-11.616287,-12.543672,-15.33084
2516,2987077352,arxiv cs lo,arxiv cs lo,True,arxiv cs lo,True,0.32339537,0.43184716,0.5561034,2.348149,21.92792,26.115248
2517,2987159965,arxiv cs et,arxiv cs si,False,arxiv cs lg,False,-0.40083787,-0.0125416815,-0.027016126,-20.496634,-7.867787,-4.219641
2518,2987934532,arxiv cs cr,arxiv cs cr,True,arxiv cs ni,False,-0.23322141,0.1655695,-0.13279074,-15.074068,16.11237,-21.384485
2519,2987961969,arxiv cs ds,arxiv cs ds,True,arxiv cs ds,True,-0.2011295,-0.023272127,-0.034785822,-24.300463,-19.542791,1.3632641
2520,2988953006,arxiv cs ds,arxiv cs ds,True,arxiv cs ds,True,0.062117875,0.32351714,0.12564717,-24.11962,6.308743,6.0578065
2521,2988995186,arxiv cs cl,arxiv cs cl,True,arxiv cs cl,True,-0.56559205,-0.27955997,0.19794688,16.708315,-17.583235,-6.48785
2522,2989420398,arxiv cs ds,arxiv cs lg,False,arxiv cs lg,False,0.3942629,-0.13182937,0.35720456,13.830471,23.7926,-6.1666093
2523,2989561359,arxiv cs lg,arxiv cs cv,False,arxiv cs cv,False,-0.13308978,-0.1655152,-0.10479193,-3.479661,-6.037455,-2.1535177
2524,2989607259,arxiv cs cv,arxiv cs cv,True,arxiv cs cv,True,-0.053831756,-0.5105284,0.19619536,8.29031,-3.9458098,-21.48505
2525,2989671705,arxiv cs cv,arxiv cs cv,True,arxiv cs cv,True,-0.34344068,-0.42706168,0.19583976,19.440662,-14.172561,-7.492009
2526,2989909058,arxiv cs ro,arxiv cs ro,True,arxiv cs cv,False,-0.021392941,0.41617635,-0.22737524,-8.650769,6.157091,6.360178
2527,2989918428,arxiv cs cv,arxiv cs cv,True,arxiv cs cv,True,0.23883176,-0.13383447,-0.3830063,-9.635869,7.0332003,-13.393732
2528,2989978381,arxiv cs lg,arxiv cs cv,False,arxiv cs cv,False,0.05363208,-0.17492662,-0.5198362,-10.975458,6.089016,-12.46562
2529,2990038920,arxiv cs cv,arxiv cs cv,True,arxiv cs cv,True,0.2673241,0.11048612,-0.2266042,0.7736529,9.872259,1.0481184
2530,2990175870,arxiv cs cv,arxiv cs cv,True,arxiv cs cv,True,0.09615183,0.28284973,-0.31061858,0.5995619,-2.7963426,20.123995
2531,2990295978,arxiv cs cv,arxiv cs cv,True,arxiv cs cv,True,0.17594701,0.07196679,-0.24420533,11.639018,0.93031275,21.59927
2532,2990320765,arxiv cs ds,arxiv cs ds,True,arxiv cs ds,True,-0.45375404,0.7038044,0.05378344,-6.026956,-24.405006,8.578275
2533,2990414524,arxiv cs cv,arxiv cs cv,True,arxiv cs cv,True,0.56991863,0.32974666,-0.05789981,-13.607982,19.93435,-0.9266686
2534,2990571496,arxiv cs ir,arxiv cs si,False,arxiv cs si,False,-0.42109814,-0.2191477,-0.08760942,1.2060122,-18.951658,-8.551182
2535,2990587018,arxiv cs it,arxiv cs it,True,arxiv cs it,True,0.3892547,0.55617696,-0.39129445,-12.214349,29.668123,-7.132555
2536,2990641659,arxiv cs lg,arxiv cs lg,True,arxiv cs lg,True,-0.43758816,-0.124429956,0.053705953,5.2082176,-20.409605,-15.299272
2537,2990981749,arxiv cs lo,arxiv cs lo,True,arxiv cs lo,True,-0.10626227,0.662063,0.46265188,-0.1402748,15.176498,27.025913
2538,2991035640,arxiv cs ai,arxiv cs cv,False,arxiv cs cv,False,-0.6393149,-1.3210757,0.6808271,21.132233,-2.9769592,-22.646023
2539,2991126425,arxiv cs lg,arxiv cs lg,True,arxiv cs lg,True,-0.091217816,-0.2309529,-0.03808611,-0.92224354,-3.3349442,-8.531828
2540,2991165003,arxiv cs cy,arxiv cs ai,False,arxiv cs ai,False,-0.55277985,0.022460803,-0.05625858,-9.24027,-12.816888,-5.1325903
2541,2991259004,arxiv cs ir,arxiv cs lg,False,arxiv cs cv,False,-0.13196445,0.048151523,-0.1249016,-19.790257,-11.699537,21.077362
2542,2991323376,arxiv cs ni,arxiv cs cv,False,arxiv cs cv,False,0.05766785,-0.06387782,-0.3993922,-2.4734442,19.903051,-19.268785
2543,2991396055,arxiv cs cv,arxiv cs cv,True,arxiv cs cv,True,-0.14740044,-0.23006938,0.016324244,8.616123,-14.917766,6.134788
2544,2991463725,arxiv cs cv,arxiv cs cv,True,arxiv cs cv,True,-0.03290409,-0.012340307,-0.44186038,-8.274431,3.0902684,-11.265277
2545,2991470315,arxiv cs si,arxiv cs cv,False,arxiv cs cv,False,0.16078454,-0.21248822,0.035471585,18.134117,15.035764,5.239903
2546,2991592210,arxiv cs lg,arxiv cs cv,False,arxiv cs cv,False,0.10838258,0.2551726,-0.3769646,-11.547711,-34.492607,7.034872
2547,2992519979,arxiv cs cv,arxiv cs cv,True,arxiv cs cv,True,0.6477438,-0.6598642,-0.047980018,21.44701,8.299695,-12.667683
2548,2992689511,arxiv cs it,arxiv cs it,True,arxiv cs it,True,0.03837508,0.42138988,-0.09724907,-9.108532,29.090374,-2.8443668
2549,2993124349,arxiv cs cv,arxiv cs cv,True,arxiv cs cv,True,-0.0672856,-0.32074493,-0.10447992,-12.205765,8.098197,-14.493342
2550,2993739643,arxiv cs ni,arxiv cs ni,True,arxiv cs ni,True,-0.030388296,-0.0289682,-0.25268537,-11.609046,19.634771,-20.401403
2551,2993807705,arxiv cs cc,arxiv cs ds,False,arxiv cs ds,False,0.51017463,-0.011589333,0.9404277,13.597759,25.04682,11.5136385
2552,2994373303,arxiv cs sd,arxiv cs cv,False,arxiv cs cv,False,0.2902496,-0.23646493,-0.12583837,-4.579127,15.018152,-4.5538716
2553,2994982825,arxiv cs cv,arxiv cs cv,True,arxiv cs cv,True,0.091428876,-0.328708,-0.23236635,21.919865,0.24248038,9.315427
2554,2995377415,arxiv cs lg,arxiv cs cv,False,arxiv cs lg,True,1.0891278,0.3788213,0.4530742,-15.678079,29.320692,8.138088
2555,2995487320,arxiv cs cv,arxiv cs cv,True,arxiv cs cv,True,-0.25648177,-0.19706939,-0.12744021,1.0124644,-2.9552495,8.109152
2556,2995619930,arxiv cs ni,arxiv cs ni,True,arxiv cs ni,True,-0.45171112,0.17398071,-0.20860705,-7.5484257,-17.651812,12.367764
2557,2995644163,arxiv cs ni,arxiv cs si,False,arxiv cs si,False,-0.7567685,-0.20050763,0.02646175,-4.903445,-24.3582,-12.878142
2558,2995858600,arxiv cs se,arxiv cs lo,False,arxiv cs lo,False,-0.5988642,0.25029647,0.095527366,2.8544939,-25.944466,-3.244108
2559,2995993261,arxiv cs lg,arxiv cs lg,True,arxiv cs cv,False,0.07695192,0.3033654,0.05816842,-4.8709855,-1.5902915,-30.848417
2560,2996094368,arxiv cs ce,arxiv cs cv,False,arxiv cs cv,False,-0.27400333,0.36694753,-0.63224584,8.095118,-3.5483155,24.686607
2561,2996158613,arxiv cs sd,arxiv cs cv,False,arxiv cs cv,False,0.7033111,-0.962306,-0.51095706,32.830444,4.9280686,-3.1727443
2562,2996197905,arxiv cs it,arxiv cs it,True,arxiv cs it,True,0.066953,0.11382056,-0.5642674,-3.9087296,23.458445,-16.56453
2563,2996406529,arxiv cs cr,arxiv cs cr,True,arxiv cs cr,True,-0.017222166,0.24507524,0.24936163,-23.483164,13.3202305,3.920014
2564,2996407919,arxiv cs cv,arxiv cs cv,True,arxiv cs cv,True,-0.61103,0.16349573,-0.056526326,-4.750889,-19.947834,8.391546
2565,2996477182,arxiv cs ro,arxiv cs lg,False,arxiv cs lg,False,-0.21068287,-0.13153277,-0.25528368,5.091372,-3.7148438,-3.6148891
2566,2996823129,arxiv cs sy,arxiv cs ds,False,arxiv cs cc,False,0.70678735,0.80710596,0.8805612,-1.2513901,25.1607,20.882524
2567,2997616454,arxiv cs lg,arxiv cs cl,False,arxiv cs cl,False,0.5640123,-0.22552703,0.040378876,24.599398,18.074404,1.8803862
2568,2998061439,arxiv cs ni,arxiv cs ni,True,arxiv cs ni,True,0.22698092,-0.029920667,-0.03031861,-9.59903,16.81422,-21.41544
2569,2998224288,arxiv cs cl,arxiv cs cl,True,arxiv cs cl,True,-0.6259198,-0.12991,0.40006274,16.349968,-20.267641,-15.784762
2570,2998647415,arxiv cs cr,arxiv cs cv,False,arxiv cs cv,False,0.22292995,-0.103597954,-0.039451294,16.536644,-0.73126465,9.234339
2571,2998760416,arxiv cs lg,arxiv cs lg,True,arxiv cs lg,True,-0.28529403,-0.19984956,-0.22725242,-11.857182,-4.146538,-7.4291706
2572,2999225873,arxiv cs cv,arxiv cs cv,True,arxiv cs cv,True,-0.08807558,0.022802666,-0.2601784,-9.375207,-19.410076,21.669392
2573,3000207760,arxiv cs lg,arxiv cs cv,False,arxiv cs cv,False,-0.20606309,0.11188395,0.1478269,-1.362085,-2.4458535,-28.526432
2574,3000364559,arxiv cs lg,arxiv cs cv,False,arxiv cs cv,False,-0.004485309,0.31576297,-0.22073466,-18.247265,18.53384,-0.622708
2575,3000364824,arxiv cs cl,arxiv cs cv,False,arxiv cs cv,False,0.031935334,-0.20468657,0.025256403,-28.762127,-1.7093686,-6.900848
2576,3000597369,arxiv cs gt,arxiv cs ds,False,arxiv cs ds,False,-0.31803113,0.12270182,0.40836072,-0.319568,-6.895656,-32.496555
2577,3000852691,arxiv cs cv,arxiv cs cv,True,arxiv cs cv,True,0.15683752,0.12796664,-0.40976295,2.0160515,-2.8704576,18.776493
2578,3002007234,arxiv cs cv,arxiv cs cv,True,arxiv cs cv,True,-0.2780591,-0.09286739,-0.06727236,-0.31012028,-5.2940855,-24.95572
2579,3002508808,arxiv cs ai,arxiv cs ai,True,arxiv cs ai,True,0.24645603,-0.10088737,0.49960345,-29.252403,1.8421327,7.6779895
2580,3002711239,arxiv cs cv,arxiv cs cv,True,arxiv cs cv,True,-0.24484015,-0.107389495,-0.095354445,-15.655373,-21.045374,14.909235
2581,3003054384,arxiv cs si,arxiv cs ds,False,arxiv cs ds,False,0.0909583,0.36550623,0.26447096,-0.49291083,17.163706,20.20096
2582,3003076898,arxiv cs cv,arxiv cs cv,True,arxiv cs cv,True,0.019049644,0.0659106,-0.239492,22.393795,-3.92532,21.858541
2583,3003830418,arxiv cs lg,arxiv cs lg,True,arxiv cs lg,True,-0.06483716,0.3562823,0.110705465,-16.750845,7.2132564,21.71239
2584,3003844510,arxiv cs it,arxiv cs ni,False,arxiv cs it,True,0.26680374,0.24640396,-0.3072286,-13.55656,27.86195,-8.550733
2585,3003950743,arxiv cs cv,arxiv cs cv,True,arxiv cs cv,True,0.2020073,-0.17231281,-0.13757968,6.124862,8.634616,-22.179285
2586,3004736401,arxiv cs it,arxiv cs it,True,arxiv cs it,True,-0.2505414,0.3014945,-0.18698272,-4.4159865,31.951817,-0.7083444
2588,3005338637,arxiv cs lg,arxiv cs lg,True,arxiv cs lg,True,0.012699068,0.25680745,0.22881672,-16.185184,6.8441315,12.2980995
2589,3005345081,arxiv cs cl,arxiv cs cl,True,arxiv cs cl,True,-0.6945821,-0.19923986,0.17118208,7.2197714,-20.78725,-8.262429
2590,3005399509,arxiv cs cr,arxiv cs cr,True,arxiv cs cr,True,-0.071006775,0.058637626,-0.11413158,-12.617253,-2.0969613,-19.766151
2591,3005685361,arxiv cs dc,arxiv cs lg,False,arxiv cs lg,False,-0.045815647,0.07999706,-0.01534681,-16.979013,-16.005255,4.265205
2592,3005765540,arxiv cs si,arxiv cs ai,False,arxiv cs si,True,-0.07488412,0.39504498,0.34696642,-3.625585,12.460634,22.389017
2593,3005803439,arxiv cs dl,arxiv cs cl,False,arxiv cs cl,False,-0.6944427,-0.02695994,-0.102691196,-4.8641,-21.912823,-4.355576
2594,3005988334,arxiv cs pl,arxiv cs se,False,arxiv cs ai,False,-0.13670427,-0.22049023,0.047588043,10.964734,-10.637666,-11.660512
2595,3006000580,arxiv cs it,arxiv cs it,True,arxiv cs it,True,0.015050232,0.61721194,-0.53652567,-5.73518,28.282387,-7.9435396
2596,3006201850,arxiv cs lg,arxiv cs lg,True,arxiv cs lg,True,0.29557657,0.18354717,-0.0018728599,-25.678757,4.514086,22.275625
2597,3006405757,arxiv cs et,arxiv cs ai,False,arxiv cs ai,False,-0.22173053,0.105059,-0.09943964,-11.727752,-13.657185,16.841389
2598,3006581712,arxiv cs lg,arxiv cs cv,False,arxiv cs cv,False,-0.20255083,0.25571024,-0.66956246,3.7838707,-2.4720001,24.816828
2599,3006958873,arxiv cs et,arxiv cs cv,False,arxiv cs cv,False,0.31928158,0.15891802,-0.17635009,-12.25206,13.196853,-3.6355147
2600,3007434370,arxiv cs cv,arxiv cs lg,False,arxiv cs cv,True,-0.2795011,-0.0017170012,-0.19225869,-2.095588,-12.492572,5.398955
2601,3007633413,arxiv cs lg,arxiv cs cv,False,arxiv cs cv,False,-0.043463647,0.27540123,-0.022226773,-19.176542,-2.178738,27.098
2602,3007638655,arxiv cs hc,arxiv cs si,False,arxiv cs ai,False,-0.75048286,-0.18859534,0.15310271,-4.697835,-19.018559,-13.415489
2603,3007691352,arxiv cs pl,arxiv cs ai,False,arxiv cs lg,False,-0.066952646,0.25379342,0.21610248,8.296436,14.002548,27.824486
2604,3007769536,arxiv cs cv,arxiv cs cv,True,arxiv cs cv,True,-0.40860894,-0.027108103,0.06915029,-3.006898,-8.024432,-24.826468
2605,3007800095,arxiv cs ne,arxiv cs lg,False,arxiv cs cv,False,-0.07962477,0.30886358,-0.12125056,-8.117028,-6.779443,17.635408
2606,3007897869,arxiv cs it,arxiv cs ni,False,arxiv cs it,True,-0.4979821,-0.046689764,-0.022006303,-11.1548,-19.934805,-14.011987
2607,3007964628,arxiv cs cr,arxiv cs cr,True,arxiv cs cr,True,-0.5987554,-0.14684917,0.1467072,-1.7662835,-12.625388,-19.282494
2608,3008526508,arxiv cs cv,arxiv cs cv,True,arxiv cs cv,True,-0.28380242,-0.21739204,0.08874718,8.029632,-12.278547,-0.49572083
2609,3008825770,arxiv cs cr,arxiv cs ai,False,arxiv cs ai,False,-0.6835709,0.0039736778,0.32746547,-2.6195443,-16.58495,-20.938152
2610,3009187765,arxiv cs ds,arxiv cs ds,True,arxiv cs ds,True,0.15663046,0.687753,0.32578138,-1.7957525,15.26827,17.124222
2611,3009245728,arxiv cs lg,arxiv cs lg,True,arxiv cs lg,True,0.1071977,-0.09138624,-0.027330354,1.0510503,1.5780784,-11.847371
2612,3009510075,arxiv cs ro,arxiv cs cv,False,arxiv cs cv,False,0.16558826,-0.091581866,0.2828781,7.4889264,10.884307,4.8199196
2613,3009511660,arxiv cs ma,arxiv cs lg,False,arxiv cs lg,False,0.27274215,-0.20331742,-0.063825764,3.0433495,0.7897979,-6.638527
2614,3009582133,arxiv cs cl,arxiv cs cv,False,arxiv cs cl,True,0.20713305,-0.070714936,0.003673017,-15.939229,0.96565,-1.0333732
2615,3009829782,arxiv cs ro,arxiv cs ro,True,arxiv cs ro,True,0.0140119195,0.21515217,-0.45239884,-0.9083155,5.054802,10.752006
2616,3010300832,arxiv cs lo,arxiv cs ds,False,arxiv cs ai,False,0.33157504,0.3872912,0.11552769,-0.7325369,18.86192,9.818769
2617,3010393773,arxiv cs it,arxiv cs it,True,arxiv cs it,True,-0.3415704,0.28393447,-0.31573772,-21.713715,-16.539883,14.840318
2618,3010805364,arxiv cs cl,arxiv cs cl,True,arxiv cs cl,True,-0.27836406,-0.15206148,0.3617556,12.558204,-18.693039,-7.4062343
2619,3010948779,arxiv cs cv,arxiv cs cv,True,arxiv cs cv,True,0.08943319,0.47423565,-0.17402428,6.7957187,2.6296177,23.25595
2620,3010963893,arxiv cs cr,arxiv cs cr,True,arxiv cs cr,True,-0.104338646,0.10786827,-0.083447166,-18.093798,-0.7683502,-19.112268
2621,3010993652,arxiv cs gt,arxiv cs cr,False,arxiv cs cr,False,-0.32590997,-0.20026453,0.28721753,3.6493094,-11.228514,-8.520392
2622,3011069884,arxiv cs cv,arxiv cs cv,True,arxiv cs cv,True,0.08884126,0.0034966767,0.1038673,0.40607306,1.81559,26.608921
2623,3011408278,arxiv cs cr,arxiv cs cr,True,arxiv cs cr,True,-0.4338909,-0.29543263,-0.1443477,-17.048857,-8.210286,-15.746344
2624,3011508236,arxiv cs pf,arxiv cs dc,False,arxiv cs cv,False,-0.11731851,0.06894818,-0.2789706,-19.01469,-5.388011,-4.9023566
2625,3011701330,arxiv cs cv,arxiv cs cv,True,arxiv cs cv,True,0.09041488,0.22062139,-0.14413366,-16.337208,-3.2831893,10.033166
2626,3011759565,arxiv cs lo,arxiv cs lo,True,arxiv cs lo,True,-0.15778697,0.029694036,0.5926301,11.766096,24.222492,14.703301
2627,3012016765,arxiv cs cv,arxiv cs cv,True,arxiv cs cv,True,-0.11127776,0.037451223,0.09416992,-11.490802,-8.974367,6.407699
2628,3012375608,arxiv cs cv,arxiv cs cv,True,arxiv cs cv,True,0.24061012,-0.1240166,0.045921728,6.3033824,7.7507324,-23.947105
2629,3012540512,arxiv cs cv,arxiv cs cv,True,arxiv cs cv,True,-0.3722676,-0.32444316,0.36493713,11.317514,-9.191079,-30.269022
2630,3012544058,arxiv cs cv,arxiv cs cv,True,arxiv cs cv,True,0.518914,-0.28344917,-0.47120374,7.4129043,9.160855,-3.5659893
2979,2582695981,arxiv cs cv,arxiv cs cv,True,arxiv cs cv,True,-0.31434408,-0.17366196,-0.039385155,16.22177,-14.838377,16.27426
3098,2778867171,arxiv cs mm,arxiv cs cv,False,arxiv cs cv,False,0.11171311,-0.5233375,-0.073340096,22.506222,-4.078992,4.7883224
3102,2780788572,arxiv cs cv,arxiv cs cv,True,arxiv cs cv,True,-0.34529933,0.17198749,-0.14497471,-4.4555936,-17.923536,11.892768
3141,2793314197,arxiv cs cv,arxiv cs lg,False,arxiv cs lg,False,0.20471096,0.6098628,0.12739569,-13.993666,17.480494,25.642536
3173,2800825370,arxiv cs sy,arxiv cs cv,False,arxiv cs cv,False,0.13513654,-0.1626604,-0.2527624,1.7633065,2.245395,-6.5902987
3200,2807139360,arxiv cs si,arxiv cs lg,False,arxiv cs lg,False,0.11955303,0.62016666,0.16357608,-12.888994,5.685011,17.301104
3206,2808184646,arxiv cs db,arxiv cs cv,False,arxiv cs cv,False,0.13422918,-0.32887852,0.09763883,8.7386675,-3.6901512,-12.207104
3248,2891634559,arxiv cs cv,arxiv cs cv,True,arxiv cs cv,True,0.2974254,0.3508901,-0.026933923,-1.6089321,6.4934626,17.39029
3256,2894785362,arxiv cs sd,arxiv cs cv,False,arxiv cs cv,False,-0.13301516,0.0054995567,0.24322897,21.886215,-16.001347,5.0076847
3262,2897098896,arxiv cs cv,arxiv cs cv,True,arxiv cs cv,True,0.60488,0.026394203,-0.39766806,-0.68491346,12.373022,-11.958724
3271,2899457523,arxiv cs ir,arxiv cs lg,False,arxiv cs cv,False,0.43237078,-0.23514585,0.03814078,9.717463,15.147351,-6.0768123
3296,2907303408,arxiv cs cl,arxiv cs cl,True,arxiv cs cl,True,0.0708856,-0.40484017,0.14204329,16.277199,7.6949797,-9.489209
3297,2907606902,arxiv cs ai,arxiv cs lg,False,arxiv cs lg,False,-0.21104217,-0.21280919,-0.14923215,-1.7392216,1.0965667,-6.3789687
3298,2907970808,arxiv cs sy,arxiv cs lg,False,arxiv cs lg,False,0.8743855,0.38981003,0.20548737,-16.160013,22.953321,10.91975
3299,2908335961,arxiv cs fl,arxiv cs lo,False,arxiv cs lo,False,0.06279075,0.311895,0.78608394,0.8861536,18.745386,24.533493
3300,2908561578,arxiv cs cv,arxiv cs cv,True,arxiv cs cv,True,-0.18821174,0.12176235,-0.17700216,-2.0970943,-12.596035,14.840414
3301,2909336075,arxiv cs cv,arxiv cs cv,True,arxiv cs cv,True,-0.29524916,-0.11027552,-0.35939866,5.142596,-8.025387,15.895908
3302,2909853853,arxiv cs it,arxiv cs it,True,arxiv cs it,True,-0.00027930737,0.23185559,-0.072818585,-19.600943,12.744834,2.45946
3303,2910263794,arxiv cs cv,arxiv cs cv,True,arxiv cs cv,True,0.12066841,0.5755363,0.32320976,-9.297117,17.963486,12.090356
3304,2911012597,arxiv cs lg,arxiv cs cv,False,arxiv cs cv,False,0.33008146,-0.0598412,-0.14167666,4.795209,12.179482,-2.2603557
3305,2911490445,arxiv cs lg,arxiv cs cv,False,arxiv cs cv,False,0.18792367,0.15734984,-0.31856555,-11.314328,12.523495,-5.156913
3306,2911645413,arxiv cs ir,arxiv cs lg,False,arxiv cs lg,False,-0.3986899,0.14561057,0.042430285,-9.065787,-20.196348,8.132646
3307,2911737132,arxiv cs cv,arxiv cs cv,True,arxiv cs cv,True,0.3915925,0.018477693,-0.41987756,-0.1462429,11.716689,-6.260324
3308,2911936770,arxiv cs ne,arxiv cs cv,False,arxiv cs cv,False,0.72759426,0.1219829,0.041829497,-14.930716,11.337598,-8.778664
3309,2912064184,arxiv cs cv,arxiv cs cv,True,arxiv cs cv,True,-0.14069045,0.015709817,-0.35952452,3.6573517,-5.456216,16.403154
3310,2912178239,arxiv cs it,arxiv cs it,True,arxiv cs it,True,0.13361043,0.53000295,-0.3353362,-12.614783,24.439749,-13.09598
3311,2912312912,arxiv cs cr,arxiv cs dc,False,arxiv cs dc,False,-0.11057556,0.4004001,-0.15024698,-17.594809,12.942705,7.3771586
3314,2912961385,arxiv cs lg,arxiv cs cv,False,arxiv cs cv,False,1.1656117,-0.69555944,0.15100214,0.3094987,18.9063,-9.804231
3315,2913250058,arxiv cs cl,arxiv cs cl,True,arxiv cs cl,True,0.017850041,0.1996579,-0.34309524,-3.3461726,-3.509227,23.731216
3316,2913479107,arxiv cs it,arxiv cs it,True,arxiv cs it,True,-0.14729017,0.38187012,0.042886063,-9.562459,21.786633,-6.605104
3317,2913750528,arxiv cs lg,arxiv cs lg,True,arxiv cs lg,True,0.49006784,0.8667817,0.21588176,-19.865702,23.63586,13.175376
3318,2913860989,arxiv cs cv,arxiv cs cv,True,arxiv cs cv,True,0.119579375,-0.09867357,-0.24025771,4.050692,3.3326604,1.5294669
3319,2913870956,arxiv cs cr,arxiv cs lg,False,arxiv cs cv,False,0.21041822,0.12801373,-0.024533607,-15.661012,13.042018,-1.4973419
3320,2914033835,arxiv cs lg,arxiv cs cv,False,arxiv cs lg,True,0.38692284,-0.5636378,0.25240016,17.95256,14.050114,-9.561451
3321,2914134436,arxiv cs dl,arxiv cs dl,True,arxiv cs dl,True,-0.65596414,0.21541366,0.16240367,-5.2440963,-24.194674,-0.0008332311
3322,2914294010,arxiv cs cl,arxiv cs lg,False,arxiv cs cv,False,0.311975,-0.036003545,-0.08386401,4.125288,13.010136,-9.040361
3323,2914413331,arxiv cs cv,arxiv cs cv,True,arxiv cs cv,True,0.5004473,0.20653594,-0.0781345,3.5055404,11.589809,4.6947412
3324,2914677525,arxiv cs cv,arxiv cs cv,True,arxiv cs cv,True,0.07902008,0.04704216,-0.21850005,5.5009317,0.02258797,13.382021
3325,2914681165,arxiv cs ds,arxiv cs ds,True,arxiv cs ds,True,1.0610214,0.6462582,0.49813008,-13.440335,27.400204,11.411643
3326,2915445594,arxiv cs cv,arxiv cs cv,True,arxiv cs cv,True,-0.03588915,-0.338288,-0.2765332,14.442028,2.6313312,5.1685414
3327,2916015740,arxiv cs hc,arxiv cs cl,False,arxiv cs cl,False,-0.6597173,-0.13184287,-0.17277533,-16.545736,-2.880502,-9.937032
3328,2917455091,arxiv cs ds,arxiv cs gt,False,arxiv cs gt,False,-0.42668957,0.19462231,0.5515875,4.6667104,-7.6421657,-31.702051
3329,2918179635,arxiv cs sy,arxiv cs ni,False,arxiv cs cr,False,0.13207465,0.28132653,-0.4093949,-27.076475,8.258839,-2.6311405
3330,2918561702,arxiv cs sy,arxiv cs it,False,arxiv cs it,False,-0.017051756,0.28724402,-0.5392516,-16.307503,20.237595,-10.804877
3331,2919190333,arxiv cs si,arxiv cs cl,False,arxiv cs cl,False,-0.4861178,-0.10413094,-0.051135965,1.2912747,-23.102219,-5.2390313
3332,2920293045,arxiv cs cc,arxiv cs ds,False,arxiv cs ds,False,-0.020990908,0.5862283,0.42526203,1.4797561,19.377644,19.485157
3334,2920732007,arxiv cs cv,arxiv cs cv,True,arxiv cs cv,True,0.8733772,0.23261885,-0.02194269,-4.538466,17.620564,4.2014933
3335,2921082809,arxiv cs cv,arxiv cs cv,True,arxiv cs cv,True,0.1299277,-0.019038603,-0.35596016,-4.383813,-5.1416855,15.937094
3336,2921815234,arxiv cs se,arxiv cs se,True,arxiv cs se,True,-0.47089553,0.11927153,-0.13230634,-0.46631363,-18.5871,6.8794017
3337,2922159733,arxiv cs cv,arxiv cs cv,True,arxiv cs cv,True,0.03834027,0.20630184,-0.41161057,13.140152,-1.5399277,20.918442
3338,2922162703,arxiv cs cv,arxiv cs cv,True,arxiv cs cv,True,-0.5067048,0.049490586,0.055176474,-4.8650846,-11.453075,-23.76619
3339,2922524163,arxiv cs cv,arxiv cs cv,True,arxiv cs cv,True,0.1537463,-0.12569304,0.016692635,17.203886,7.0376463,12.366431
3340,2922525752,arxiv cs cy,arxiv cs cy,True,arxiv cs cy,True,-0.8300392,-0.15110056,0.017925654,-7.918288,-18.72077,-13.623834
3341,2923260828,arxiv cs it,arxiv cs it,True,arxiv cs it,True,0.06145388,0.52448213,-0.11885544,-7.0540032,28.832224,-4.644732
3342,2925285461,arxiv cs it,arxiv cs it,True,arxiv cs it,True,0.30193245,0.47497952,-0.43475685,-15.757062,25.465878,-11.651269
3343,2925933452,arxiv cs ni,arxiv cs lg,False,arxiv cs lg,False,1.4231741,-0.14128138,-0.34775427,1.8656292,21.144024,-13.876584
3344,2926636120,arxiv cs cv,arxiv cs cv,True,arxiv cs cv,True,0.27600348,-0.55339944,-0.05578796,28.57762,8.501082,-2.312159
3345,2927393429,arxiv cs cv,arxiv cs cv,True,arxiv cs cv,True,0.27169907,0.12581384,-0.3409794,-20.224115,12.883835,-12.044462
3346,2928521819,arxiv cs cv,arxiv cs cv,True,arxiv cs cv,True,-0.4316663,0.08623209,-0.297916,-2.8603027,-29.643274,9.738961
3347,2929287013,arxiv cs it,arxiv cs ni,False,arxiv cs ni,False,0.39278543,-0.054097652,-0.6932955,-13.706493,29.289278,-15.982994
3348,2930885676,arxiv cs lg,arxiv cs ai,False,arxiv cs lg,True,-0.3408963,-0.20009194,0.082189895,7.1549697,-25.878553,-4.1202226
3349,2931476954,arxiv cs cv,arxiv cs lg,False,arxiv cs lg,False,-0.023079157,-0.0032525659,0.07699003,-22.303587,-8.225073,8.500243
3350,2935018905,arxiv cs ro,arxiv cs cv,False,arxiv cs cv,False,0.088295996,0.10568718,0.004428573,2.4399636,-6.453543,9.839484
3351,2936293568,arxiv cs dc,arxiv cs ds,False,arxiv cs ds,False,0.21223468,0.20408905,-0.10985809,1.2964416,4.776022,23.93971
3352,2937941150,arxiv cs se,arxiv cs db,False,arxiv cs ai,False,-0.29527378,-0.07292943,-0.0662627,-2.979382,-7.0546584,-18.18342
3353,2938140678,arxiv cs ai,arxiv cs ai,True,arxiv cs ai,True,-0.44974813,0.03831017,0.39723966,5.3013697,-11.25689,-17.520512
3354,2938766340,arxiv cs sy,arxiv cs sy,True,arxiv cs sy,True,-0.44411847,0.31241244,-0.09436502,-9.809891,-11.0763035,-30.251755
3355,2939991354,arxiv cs cv,arxiv cs cv,True,arxiv cs cv,True,-0.13551599,-0.18716429,-0.08671052,15.041763,-7.926899,-2.5686176
3356,2940581368,arxiv cs cv,arxiv cs cv,True,arxiv cs cv,True,0.4043218,-0.23686536,0.18065055,16.351881,12.978966,-15.833318
3357,2940876386,arxiv cs ro,arxiv cs ro,True,arxiv cs ro,True,0.38991928,0.36349446,-0.17869893,-20.229616,18.202202,12.996371
3358,2941105184,arxiv cs lg,arxiv cs lg,True,arxiv cs lg,True,0.1507783,0.20097373,-0.060437843,-25.38195,2.9516342,22.864193
3359,2941138665,arxiv cs cv,arxiv cs cv,True,arxiv cs cv,True,0.059914112,-0.0043744,-0.0003017485,16.02894,10.12484,11.884052
3360,2941175503,arxiv cs cv,arxiv cs cv,True,arxiv cs cv,True,-0.15782267,-0.33394015,-0.26245812,22.091917,-8.470927,5.0605407
3361,2941273106,arxiv cs lg,arxiv cs lg,True,arxiv cs lg,True,-0.043664515,-0.22924994,-0.06802838,-17.958696,2.4129422,4.8012533
3362,2941487346,arxiv cs lg,arxiv cs lg,True,arxiv cs lg,True,0.11235559,0.79586214,0.46046233,-12.059695,5.8958044,19.563498
3363,2942055171,arxiv cs ne,arxiv cs cv,False,arxiv cs cv,False,0.94129646,-0.121262506,-0.03187503,4.676633,17.926172,-12.90202
3364,2942522480,arxiv cs lg,arxiv cs lg,True,arxiv cs lg,True,0.97981966,0.45117277,0.437605,-17.24673,26.734505,13.064549
3365,2943033905,arxiv cs cl,arxiv cs cl,True,arxiv cs cl,True,-0.52348936,-0.3298425,0.39949447,19.488276,-18.879795,-6.7672334
3366,2943527153,arxiv cs cv,arxiv cs cv,True,arxiv cs cv,True,0.25243342,-0.36863124,0.19584659,25.411652,7.029278,-12.6864805
3367,2943631746,arxiv cs cv,arxiv cs cv,True,arxiv cs cv,True,0.452443,0.07761777,0.05763835,6.3123736,6.749513,12.228633
3368,2944116764,arxiv cs lg,arxiv cs lg,True,arxiv cs lg,True,0.8634963,-0.04781437,0.3363286,6.1283703,20.916172,-14.44699
3369,2944538127,arxiv cs lg,arxiv cs cv,False,arxiv cs lg,True,1.2439647,-0.6817254,0.41329262,24.52769,16.273205,-2.8436942
3370,2944647618,arxiv cs pf,arxiv cs ds,False,arxiv cs it,False,-0.18857956,0.40479726,-0.0076561794,-11.578581,-5.7570367,23.55024
3371,2944664110,arxiv cs db,arxiv cs cr,False,arxiv cs cr,False,-0.55268586,0.24561925,0.27859327,8.300513,-32.60495,7.485783
3372,2944900776,arxiv cs cr,arxiv cs cr,True,arxiv cs cr,True,-0.3493068,-0.076269284,-0.1703459,-4.9690804,-8.854625,-17.839453
3373,2945189881,arxiv cs lg,arxiv cs cv,False,arxiv cs cv,False,-0.038186133,0.093714714,-0.07082447,-6.5003614,-4.3090596,11.52369
3374,2945325273,arxiv cs ce,arxiv cs lg,False,arxiv cs ro,False,-0.4212551,0.5798974,0.027460687,3.6500177,-19.647856,17.554335
3375,2945414017,arxiv cs lg,arxiv cs lg,True,arxiv cs lg,True,0.12086636,0.3105101,0.19069466,-7.820773,15.928228,10.0382395
3376,2945435792,arxiv cs cv,arxiv cs cv,True,arxiv cs cv,True,0.26148212,0.18254283,-0.26140177,3.9108284,5.6183076,11.605062
3377,2945564675,arxiv cs si,arxiv cs si,True,arxiv cs si,True,-0.57844645,-0.06523505,0.030777507,-6.1054935,-28.190632,-13.911263
3378,2945591540,arxiv cs lg,arxiv cs lg,True,arxiv cs cv,False,0.364774,-0.018345177,-0.19686732,3.1241665,10.759431,-1.1815512
3379,2945744995,arxiv cs lg,arxiv cs lg,True,arxiv cs lg,True,0.21470815,0.5076836,0.02728438,-17.043488,20.628908,2.6495638
3380,2945823804,arxiv cs cv,arxiv cs cv,True,arxiv cs cv,True,0.54632795,-0.42654526,-0.026737683,21.23276,10.783423,5.493882
3381,2945924057,arxiv cs cv,arxiv cs cv,True,arxiv cs cv,True,0.32521534,-0.29218882,-0.10655808,20.835266,11.720359,1.8035512
3382,2945932527,arxiv cs ne,arxiv cs lg,False,arxiv cs lg,False,-0.56429076,0.43805093,0.08327741,4.146109,-26.292732,11.354174
3383,2946127223,arxiv cs se,arxiv cs dl,False,arxiv cs se,True,-0.81028897,-0.22502346,0.21824881,-1.5290511,-25.468939,-10.925462
3384,2946556012,arxiv cs cv,arxiv cs cv,True,arxiv cs cv,True,-0.0073462725,-0.21502803,-0.15464973,-9.793933,-1.5347906,5.0934362
3385,2946757770,arxiv cs lg,arxiv cs lg,True,arxiv cs lg,True,1.1680533,-0.15787263,0.4473291,0.8398004,23.412653,0.34664732
3386,2946873480,arxiv cs dc,arxiv cs dc,True,arxiv cs dc,True,-0.5340104,0.093795374,0.012416352,6.1988115,-22.26846,-2.0360203
3387,2946887242,arxiv cs lg,arxiv cs lg,True,arxiv cs lg,True,0.51012564,0.33586687,0.47800374,-3.3338249,14.897329,12.528085
3388,2946933873,arxiv cs cl,arxiv cs cl,True,arxiv cs cl,True,-0.23699695,-0.6707212,0.2915145,17.153084,-9.131684,-8.764805
3389,2947047715,arxiv cs dc,arxiv cs ni,False,arxiv cs ni,False,-0.33177176,0.09522357,-0.44354767,-13.243647,3.2925124,-16.921587
3390,2947299003,arxiv cs ro,arxiv cs cl,False,arxiv cs cv,False,0.006627202,-0.3484041,0.21546707,23.319721,-4.010944,-16.073494
3391,2947503026,arxiv cs lg,arxiv cs ai,False,arxiv cs lg,True,-0.24593914,0.339634,0.27739504,8.419379,-24.588509,7.7359123
3392,2947526062,arxiv cs lg,arxiv cs lg,True,arxiv cs ds,False,0.7722094,0.23261133,0.19561738,9.5665865,22.273897,-8.872817
3393,2947570331,arxiv cs cv,arxiv cs cv,True,arxiv cs cv,True,0.46048343,-0.057419986,0.1359331,20.96695,7.5365086,-16.750677
3394,2947864246,arxiv cs lg,arxiv cs lg,True,arxiv cs lg,True,0.11748892,0.11617083,-0.18899316,-27.288698,-10.532811,12.648256
3395,2948211051,arxiv cs cr,arxiv cs cr,True,arxiv cs cr,True,-0.32569325,-0.23928623,-0.27186972,-17.428534,-8.846893,-12.465497
3396,2948423597,arxiv cs lg,arxiv cs cv,False,arxiv cs cv,False,-0.47367287,0.12760665,-0.038502842,-25.783167,-10.760583,1.4656096
3397,2948591911,arxiv cs cv,arxiv cs cv,True,arxiv cs cv,True,0.14082539,-0.7644344,-0.15654951,14.022829,-0.25923055,-5.8608494
3398,2948597323,arxiv cs cv,arxiv cs cv,True,arxiv cs cv,True,-0.1098358,-0.0031669736,0.24049729,-12.758503,-12.19928,4.4829636
3399,2948824984,arxiv cs it,arxiv cs it,True,arxiv cs it,True,0.34670627,0.19155991,-0.66182274,-12.015179,30.119574,-11.603365
3401,2948916268,arxiv cs db,arxiv cs db,True,arxiv cs db,True,-0.306838,-0.1273924,0.32804033,1.5798632,-15.060657,-6.561323
3402,2948983271,arxiv cs cv,arxiv cs cv,True,arxiv cs cv,True,0.034656882,-0.31387705,-0.2004036,0.2381724,-0.950106,0.20986648
3411,2949144570,arxiv cs it,arxiv cs it,True,arxiv cs it,True,-0.17432815,0.27260625,-0.46925604,-8.831093,24.25963,-12.437517
3439,2949760349,arxiv cs ai,arxiv cs ai,True,arxiv cs ai,True,-0.18811834,-0.07092883,-0.20838249,-10.876297,-9.807197,-2.0817525
3441,2949822226,arxiv cs lg,arxiv cs lg,True,arxiv cs lg,True,0.09877002,-0.49507123,0.43830067,11.327576,-0.4683667,-27.849648
3450,2949945373,arxiv cs cv,arxiv cs cv,True,arxiv cs cv,True,0.3254243,-0.04784079,-0.5025094,12.910023,1.5920339,24.174322
3453,2950010088,arxiv cs lg,arxiv cs cv,False,arxiv cs lg,True,0.36310995,0.069009215,-0.12798244,-8.847658,13.394987,-1.0103705
3488,2950525284,arxiv cs gt,arxiv cs gt,True,arxiv cs gt,True,-0.45298722,0.17965376,0.46791798,-19.435205,-15.584827,-21.696487
3499,2950665492,arxiv cs ds,arxiv cs ds,True,arxiv cs ds,True,0.84415436,0.7866444,0.85084844,-12.278579,26.086365,17.605186
3510,2950874267,arxiv cs it,arxiv cs it,True,arxiv cs it,True,-0.21616763,0.46228766,-0.32514998,-4.6093917,32.189575,8.002453
3512,2950922581,arxiv cs ro,arxiv cs ro,True,arxiv cs ro,True,-0.19308311,0.029549867,-0.2969437,4.099626,-2.7228034,2.6850097
3517,2951041338,arxiv cs cv,arxiv cs cl,False,arxiv cs cl,False,0.3346796,-0.78585166,0.03677911,23.23311,10.102215,-4.062178
3521,2951055820,arxiv cs lg,arxiv cs lg,True,arxiv cs lg,True,0.39519966,-0.06492028,0.033861328,4.254204,22.741018,4.2414503
3529,2951164959,arxiv cs cl,arxiv cs cl,True,arxiv cs cl,True,-0.28439832,-0.0801851,0.172057,8.497274,-17.19648,-6.3159833
3541,2951433186,arxiv cs lg,arxiv cs cv,False,arxiv cs cv,False,0.7541404,-0.44273978,-0.044193856,11.101856,11.290832,-16.619253
3555,2951750340,arxiv cs lg,arxiv cs ai,False,arxiv cs ai,False,0.013964772,0.2569672,0.14572668,-18.253944,5.3000474,20.35749
3574,2952085755,arxiv cs cv,arxiv cs lg,False,arxiv cs lg,False,0.25501108,0.34013438,0.24044386,-11.307386,10.767385,22.027079
3579,2952254752,arxiv cs dm,arxiv cs ds,False,arxiv cs ds,False,-0.3595521,0.5424249,0.23610541,-2.575662,9.023365,24.636438
3585,2952349142,arxiv cs cl,arxiv cs cl,True,arxiv cs cl,True,0.3262869,-0.7033241,0.40506682,29.907824,-6.6858025,-6.3031445
3586,2952355726,arxiv cs cv,arxiv cs cv,True,arxiv cs cv,True,0.32753932,0.06917991,-0.3731033,-24.119368,7.371989,-16.871542
3593,2952451887,arxiv cs se,arxiv cs se,True,arxiv cs se,True,0.00832653,-0.1383834,-0.38442275,-8.719614,-0.9216738,-19.854671
3599,2952506516,arxiv cs fl,arxiv cs lo,False,arxiv cs lo,False,0.06327546,0.17442119,0.34800243,9.03231,14.721432,20.480513
3609,2952647908,arxiv cs cv,arxiv cs cv,True,arxiv cs cv,True,-0.3626286,-0.11989103,-0.1556162,-18.562592,-23.559387,15.053975
3619,2952848538,arxiv cs lg,arxiv cs cv,False,arxiv cs cv,False,0.38745034,-0.09982066,-0.0654247,-8.186339,9.609645,-8.912437
3642,2953255058,arxiv cs cv,arxiv cs cv,True,arxiv cs cv,True,0.12567562,-0.21166651,0.095016815,15.907593,8.374491,4.0866003
3652,2953476352,arxiv cs lg,arxiv cs cv,False,arxiv cs cv,False,0.28135657,-0.01820454,0.6300555,17.576216,6.7158914,28.435146
3653,2953647140,arxiv cs si,arxiv cs cl,False,arxiv cs cl,False,-0.3742904,-0.04203248,0.07861775,9.2183695,-20.458508,1.6279064
3655,2954185440,arxiv cs cr,arxiv cs cr,True,arxiv cs cr,True,-0.056728482,-0.37209004,0.19800201,-23.38165,-8.665193,-10.886947
3656,2954533323,arxiv cs cv,arxiv cs cv,True,arxiv cs cv,True,-0.27294707,-0.1592202,-0.20482919,3.7218816,-12.923093,0.05457367
3658,2954876025,arxiv cs cl,arxiv cs cv,False,arxiv cs cv,False,1.204631,-0.71658653,-0.43486002,0.85428166,16.887003,-5.563936
3660,2955354750,arxiv cs cv,arxiv cs cv,True,arxiv cs cv,True,0.689561,0.10121831,-0.13976458,-28.234737,10.46335,-14.17185
3661,2955465344,arxiv cs it,arxiv cs lg,False,arxiv cs lg,False,0.012135506,-0.052968472,0.14481908,0.8644849,-2.1472898,-16.049181
3662,2955607373,arxiv cs cy,arxiv cs si,False,arxiv cs si,False,-0.6785159,-0.21918242,0.025165074,-6.602859,-26.667135,-13.359916
3663,2956227617,arxiv cs ds,arxiv cs ds,True,arxiv cs ds,True,0.519117,0.6368761,0.5364943,-6.8805447,25.973175,16.920422
3664,2956491250,arxiv cs cv,arxiv cs cv,True,arxiv cs cv,True,-0.020841122,-0.055138588,0.0099527985,-8.034161,-0.8227359,5.6967897
3665,2957036541,arxiv cs lo,arxiv cs lo,True,arxiv cs lo,True,-0.60417676,0.19389512,0.283232,2.0698593,-27.957539,-7.766266
3666,2957432555,arxiv cs cv,arxiv cs cv,True,arxiv cs cv,True,0.42437303,-0.65192336,-0.22260809,14.381011,9.826388,-5.988346
3667,2958568493,arxiv cs lg,arxiv cs cv,False,arxiv cs cv,False,0.008782744,0.10188214,-0.1691353,24.220242,-7.4566116,20.87952
3668,2958665591,arxiv cs it,arxiv cs it,True,arxiv cs it,True,-0.33765793,0.6216448,-0.14707604,-26.66272,12.774673,18.791424
3669,2958817149,arxiv cs si,arxiv cs si,True,arxiv cs si,True,-0.45063904,-0.52094823,0.47453243,15.847166,-12.784861,-6.3198624
3670,2959162516,arxiv cs cv,arxiv cs cv,True,arxiv cs cv,True,0.4386108,-0.44826764,-0.24047276,4.08968,5.6340017,-7.8592153
3671,2960680818,arxiv cs ne,arxiv cs cv,False,arxiv cs cv,False,0.2446189,0.18592982,-0.13331506,-15.728043,7.726432,6.3719378
3672,2960789864,arxiv cs ne,arxiv cs lg,False,arxiv cs lg,False,0.15547544,-0.076278105,-0.49093068,5.5522466,-16.243393,28.241674
3673,2960841577,arxiv cs cl,arxiv cs cl,True,arxiv cs cl,True,0.44859314,-0.6360505,0.5822084,28.352476,-3.4970884,-3.940307
3674,2962669439,arxiv cs cl,arxiv cs cl,True,arxiv cs cl,True,-0.16666639,0.05295922,0.04695917,-18.3919,-12.312276,4.471888
3676,2963232978,arxiv cs cl,arxiv cs cl,True,arxiv cs cl,True,-0.4097183,0.4174657,0.34851536,9.705266,-27.266151,5.116118
3678,2963291521,arxiv cs hc,arxiv cs cv,False,arxiv cs cv,False,-0.24915689,0.18021002,-0.07206709,-7.693002,-13.119851,10.51376
3680,2963709182,arxiv cs cv,arxiv cs cv,True,arxiv cs cv,True,-0.39384627,-0.009820491,-0.1675869,-10.11676,-21.665163,-8.2587385
3681,2963787974,arxiv cs ro,arxiv cs lg,False,arxiv cs lg,False,0.71486866,0.2391759,0.35031804,-23.497816,8.338672,5.9182386
3682,2964420626,arxiv cs lg,arxiv cs cv,False,arxiv cs cv,False,0.019426167,0.016652822,0.09772359,-10.979578,0.39260763,26.01984
3683,2964456227,arxiv cs hc,arxiv cs ai,False,arxiv cs cv,False,-0.50604045,-0.3095973,0.29180112,4.5880647,-11.538292,-24.78397
3684,2964507450,arxiv cs cl,arxiv cs cl,True,arxiv cs cv,False,-0.29994535,-0.21499465,-0.110941164,20.696148,-22.913647,0.56299764
3685,2965536499,arxiv cs ce,arxiv cs sy,False,arxiv cs it,False,-0.46001965,0.39773977,-0.2544552,-2.2199779,-21.773958,14.5565605
3686,2965779266,arxiv cs cv,arxiv cs cv,True,arxiv cs cv,True,-0.000577271,-0.11230163,-0.21939683,0.08620383,-1.9045101,1.9923546
3687,2965816774,arxiv cs cy,arxiv cs si,False,arxiv cs ai,False,-0.6742667,0.077866256,0.32885018,-2.2661412,-18.422855,-21.401953
3688,2965875804,arxiv cs cl,arxiv cs cl,True,arxiv cs cl,True,0.12688941,-0.43469793,0.18683863,16.766893,6.036061,-9.2967005
3689,2965900959,arxiv cs lg,arxiv cs lg,True,arxiv cs ro,False,-0.16643864,-0.16382588,-0.2934504,-10.366851,-2.1128728,-7.842125
3690,2966018429,arxiv cs lg,arxiv cs cv,False,arxiv cs cv,False,-0.43661946,-0.32835,0.17481527,15.774602,-20.434835,8.231345
3691,2966207284,arxiv cs lg,arxiv cs lg,True,arxiv cs cv,False,-0.10749388,-0.13788126,0.110669196,-8.630086,-4.9625096,-2.2075357
3692,2966386095,arxiv cs hc,arxiv cs cv,False,arxiv cs cv,False,0.019543052,-0.38315856,-0.24653068,8.190279,-4.388751,-8.914351
3693,2966544218,arxiv cs ro,arxiv cs ro,True,arxiv cs ro,True,0.08050364,0.05523552,-0.35302243,-5.02755,26.748573,11.097474
3694,2966750811,arxiv cs cr,arxiv cs ni,False,arxiv cs cr,True,-0.5740169,0.03129393,-0.22242725,-11.328896,-18.675528,-5.4059544
3695,2967018495,arxiv cs cv,arxiv cs cv,True,arxiv cs cv,True,0.29299414,0.10050029,-0.2830899,0.021755496,8.166802,-8.920009
3696,2967379978,arxiv cs lg,arxiv cs si,False,arxiv cs se,False,-0.7627586,-0.020666033,0.082788244,2.6081069,-22.164398,-11.642404
3697,2968163358,arxiv cs ds,arxiv cs ds,True,arxiv cs ds,True,-0.20024109,0.12997162,0.2193662,9.7857485,-21.840265,7.2360826
3698,2968356367,arxiv cs cv,arxiv cs cv,True,arxiv cs cv,True,0.11871827,0.30912495,0.044041395,1.5009251,24.749146,11.31745
3699,2968541158,arxiv cs lg,arxiv cs cl,False,arxiv cs cl,False,0.3052162,-0.35348892,0.120754614,9.151712,13.25308,-14.716815
3700,2968636583,arxiv cs cl,arxiv cs cv,False,arxiv cs cv,False,-0.29069442,-0.23628734,0.05350571,6.0271835,-16.472542,0.47612157
3701,2969213000,arxiv cs lg,arxiv cs ai,False,arxiv cs ai,False,0.022598684,-0.6109679,0.14152077,33.585125,9.016172,-9.567912
3702,2969267557,arxiv cs et,arxiv cs lg,False,arxiv cs lg,False,0.05880636,0.13814409,-0.45666152,-14.039218,14.536906,-5.8263702
3703,2969409461,arxiv cs cl,arxiv cs cl,True,arxiv cs cl,True,-0.15622902,-0.06458223,-0.096394174,5.967095,-11.494271,5.6254015
3704,2969494050,arxiv cs cv,arxiv cs cv,True,arxiv cs cv,True,0.11084157,-0.2005149,-0.037236266,25.20234,-8.538447,11.198954
3705,2969710072,arxiv cs ai,arxiv cs cl,False,arxiv cs cl,False,-0.41642258,-0.26686323,0.58938915,7.1146736,-27.585331,-14.350777
3706,2969814072,arxiv cs cl,arxiv cs cl,True,arxiv cs cl,True,0.5154073,-0.36109626,0.47326812,15.974199,11.620035,-23.425798
3707,2969901709,arxiv cs ir,arxiv cs cl,False,arxiv cs cv,False,-0.46844172,-0.14828481,0.14068726,1.4382738,-19.04901,-4.430157
3708,2969965779,arxiv cs cv,arxiv cs cv,True,arxiv cs cv,True,0.021627486,-0.00863184,-0.3689254,15.120704,-3.0605185,19.242268
3709,2969966185,arxiv cs ma,arxiv cs ai,False,arxiv cs ai,False,-0.72982883,-0.18664698,0.4896874,4.2042446,-11.938635,-28.391737
3710,2970454117,arxiv cs lg,arxiv cs lg,True,arxiv cs lg,True,0.3416276,-0.35511333,-0.14888501,29.60476,15.446127,0.47656214
3711,2970556739,arxiv cs se,arxiv cs dc,False,arxiv cs dc,False,-0.34762985,0.030125782,0.059290707,-9.699733,-9.38797,-21.135128
3712,2970857647,arxiv cs cv,arxiv cs cv,True,arxiv cs cv,True,-0.007664323,0.04808925,-0.32792336,13.238712,-0.8776769,6.939175
3713,2970967243,arxiv cs ds,arxiv cs ds,True,arxiv cs ds,True,0.15327656,0.35201514,0.22181326,1.7641447,15.942099,18.712288
3714,2971308801,arxiv cs lg,arxiv cs lg,True,arxiv cs cv,False,0.14820147,0.04657957,0.12472017,-7.646443,-2.218822,11.61919
3715,2971368194,arxiv cs cv,arxiv cs cv,True,arxiv cs cv,True,0.38861072,-0.6338489,0.071411036,24.393686,7.7656803,-8.558844
3716,2971381503,arxiv cs ar,arxiv cs cv,False,arxiv cs cv,False,0.20655233,0.03416586,-0.3409492,-18.378765,15.730811,-3.6112688
3717,2971674120,arxiv cs cl,arxiv cs cl,True,arxiv cs cl,True,-0.40024796,0.038381338,0.2152577,4.802268,-20.746422,0.7402398
3718,2971918899,arxiv cs ro,arxiv cs ro,True,arxiv cs ro,True,0.039852858,0.20910566,-0.3452188,1.372659,3.0382838,8.301517
3719,2971973847,arxiv cs cl,arxiv cs cl,True,arxiv cs cl,True,0.37225533,-0.6427965,0.3715419,24.083033,-0.15837641,-4.807566
3720,2972003556,arxiv cs ne,arxiv cs cv,False,arxiv cs cv,False,0.30818176,-0.11242227,-0.4540248,-8.242228,8.366968,-13.197169
3721,2972351155,arxiv cs db,arxiv cs cl,False,arxiv cs cl,False,-0.0066048503,-0.40965116,0.034802314,6.5497866,-2.9580214,-12.475589
3722,2972417789,arxiv cs lg,arxiv cs lg,True,arxiv cs lg,True,-0.18625134,0.17719132,-0.015987404,-21.973131,-3.472339,18.829035
3723,2972464085,arxiv cs hc,arxiv cs se,False,arxiv cs cl,False,-0.47429898,-0.1380523,0.20342892,1.8012937,-10.805741,-25.67217
3724,2972478661,arxiv cs cv,arxiv cs cv,True,arxiv cs cv,True,-0.45291996,-0.08204557,-0.31451887,0.059242778,-29.62588,0.25488433
3725,2972536148,arxiv cs lg,arxiv cs cv,False,arxiv cs cv,False,0.25788116,-0.7172912,-0.05366175,29.626892,10.342987,-8.5082655
3726,2972859464,arxiv cs lg,arxiv cs cv,False,arxiv cs cv,False,0.000708282,-0.05314441,-0.0951029,-3.267482,-5.2323337,8.680714
3727,2972930622,arxiv cs lg,arxiv cs lg,True,arxiv cs lg,True,0.3856901,0.3997363,0.027877461,-17.493988,16.99141,13.669943
3728,2973068831,arxiv cs ni,arxiv cs it,False,arxiv cs it,False,0.24354303,0.14058521,-0.44431174,-16.099394,20.613268,-5.83039
3729,2973166294,arxiv cs cv,arxiv cs cv,True,arxiv cs cv,True,0.6649399,-0.05056958,-0.040272288,9.479366,7.090926,12.9645405
3730,2973219196,arxiv cs lg,arxiv cs cl,False,arxiv cs cl,False,0.3799919,-0.1304423,0.43442214,21.58386,14.555329,-8.325834
3731,2973821056,arxiv cs cv,arxiv cs cv,True,arxiv cs cv,True,0.4959315,-0.46658754,-0.5592431,-13.133013,3.7102158,-27.012627
3732,2973855945,arxiv cs cv,arxiv cs cv,True,arxiv cs cv,True,0.21188104,0.05613686,-0.044118047,-3.1682994,-1.5500596,11.895746
3733,2974690168,arxiv cs lg,arxiv cs cv,False,arxiv cs cv,False,-0.0149585605,0.006409943,-0.14198709,-7.423033,-2.378476,3.217416
3734,2974920270,arxiv cs lg,arxiv cs lg,True,arxiv cs lg,True,0.618515,0.6203077,0.29063818,-16.722229,19.626793,19.197386
3735,2975185915,arxiv cs lg,arxiv cs ro,False,arxiv cs lg,True,0.05806154,-0.08588503,-0.4007252,-0.6231084,3.0810409,-6.5243325
3736,2975668542,arxiv cs gt,arxiv cs gt,True,arxiv cs gt,True,0.27107406,0.34817046,0.55536515,-30.309057,7.4707685,11.372462
3737,2975966238,arxiv cs lg,arxiv cs lg,True,arxiv cs cv,False,0.04859996,0.10903941,-0.19203842,4.1613297,9.864545,1.5498184
3738,2975991548,arxiv cs cl,arxiv cs cl,True,arxiv cs cl,True,0.02063477,-0.3623975,0.16616312,8.463204,-14.726373,-12.459774
3739,2976342639,arxiv cs lg,arxiv cs cv,False,arxiv cs lg,True,0.09553021,-0.39132333,-0.025783397,10.769105,7.450575,-13.559199
3740,2976697468,arxiv cs cv,arxiv cs cv,True,arxiv cs cv,True,1.0576228,-0.32677597,-0.13796926,3.1645496,18.277893,-9.260922
3741,2976922584,arxiv cs cl,arxiv cs cv,False,arxiv cs cv,False,0.38545752,0.45550632,0.33772114,-18.077517,10.417747,17.547127
3742,2977064413,arxiv cs dm,arxiv cs ds,False,arxiv cs cc,False,-0.4663527,0.34821355,0.3866556,-3.538887,-6.453169,-30.113234
3743,2977496429,arxiv cs cl,arxiv cs cl,True,arxiv cs si,False,-0.47957274,-0.11268215,0.11361617,2.9887967,-19.978743,-1.000255
3744,2978126126,arxiv cs lg,arxiv cs ai,False,arxiv cs ai,False,-0.5777999,0.13234925,0.09200854,-7.6897492,-16.9027,-23.322052
3745,2978158535,arxiv cs cl,arxiv cs cl,True,arxiv cs cl,True,-0.38427773,-0.21282767,0.14166664,13.068109,-16.6696,-2.730813
3746,2978567638,arxiv cs ds,arxiv cs ds,True,arxiv cs it,False,0.51502156,0.43512177,0.03239041,-16.08645,25.328056,0.4115622
3747,2979031135,arxiv cs lg,arxiv cs ai,False,arxiv cs ai,False,0.62391853,-0.10768406,0.3872287,17.963552,19.176502,-12.863053
3748,2979335853,arxiv cs cr,arxiv cs cr,True,arxiv cs cr,True,-0.2458635,0.13368453,-0.22760975,-11.974372,-3.1502652,-12.590086
3749,2979582159,arxiv cs cv,arxiv cs cv,True,arxiv cs cv,True,-0.6331332,-0.14983077,0.23911157,1.6790129,-16.702728,-29.282324
3750,2979812570,arxiv cs ne,arxiv cs lg,False,arxiv cs lg,False,-0.20582926,0.33810177,0.078274235,-18.68979,-1.5010242,18.92377
3751,2979936352,arxiv cs ro,arxiv cs ro,True,arxiv cs cv,False,-0.28622952,-0.4644313,-0.27147174,10.850866,-4.805677,-5.871331
3752,2979995022,arxiv cs cl,arxiv cs cv,False,arxiv cs cv,False,0.147771,-0.03614372,-0.093447454,-18.271431,-1.7835865,-0.8767874
3753,2980243576,arxiv cs it,arxiv cs it,True,arxiv cs it,True,0.042233527,0.36828816,-0.43691802,-6.75463,28.8718,-10.418675
3754,2980255006,arxiv cs ai,arxiv cs cl,False,arxiv cs lg,False,0.12796444,-0.3190151,0.27724567,25.783207,-4.9007993,-2.5312543
3755,2980937832,arxiv cs cv,arxiv cs cv,True,arxiv cs cv,True,0.33513033,-0.14284538,-0.49460238,0.58500373,7.684861,-11.0514
3756,2981073299,arxiv cs cl,arxiv cs cl,True,arxiv cs cl,True,0.41663468,-0.64748055,0.4403557,21.78164,7.227219,-5.281254
3757,2981241721,arxiv cs cr,arxiv cs si,False,arxiv cs cv,False,-0.22030461,0.044223115,-0.1964952,-6.5640535,0.68559283,-15.037298
3758,2981451326,arxiv cs cl,arxiv cs cl,True,arxiv cs cl,True,-0.76103055,-0.4591753,0.29898736,14.043903,-20.133295,-11.2098675
3759,2981479880,arxiv cs cv,arxiv cs cv,True,arxiv cs cv,True,-0.6299094,-0.08888887,0.28387526,1.7570328,-11.815415,-31.910555
3760,2981608876,arxiv cs lg,arxiv cs cv,False,arxiv cs cv,False,1.2394488,-0.04411991,0.1734089,5.6588306,20.019695,-11.000294
3761,2981611750,arxiv cs ir,arxiv cs cv,False,arxiv cs cv,False,0.1297558,-0.14023997,-0.3150839,18.894255,6.033481,11.375067
3762,2981674601,arxiv cs cv,arxiv cs cv,True,arxiv cs cv,True,0.13968652,-0.2974,0.0011515915,18.693665,-11.4551525,8.382259
3763,2981697272,arxiv cs cv,arxiv cs cv,True,arxiv cs cv,True,-0.08190614,-0.19039072,-0.2212621,20.384459,-6.0732093,17.180689
3764,2981880399,arxiv cs cr,arxiv cs si,False,arxiv cs cr,True,-0.017999053,-0.18289484,-0.17961666,-9.741661,-3.3007991,2.735666
3765,2981942693,arxiv cs ma,arxiv cs lg,False,arxiv cs lg,False,0.20527661,0.3033592,-0.5034859,-5.1151094,18.164406,-13.645722
3766,2982159765,arxiv cs lg,arxiv cs lg,True,arxiv cs lg,True,0.09470445,0.37889224,0.21297231,-18.322756,8.258094,12.35775
3767,2982221648,arxiv cs cl,arxiv cs cl,True,arxiv cs cl,True,-0.58699334,0.01586102,-0.042866237,-7.558061,-22.925898,-0.88133925
3768,2982433405,arxiv cs it,arxiv cs it,True,arxiv cs it,True,0.17368144,0.309687,-0.7937866,-14.730575,23.827213,-15.581025
3769,2982464808,arxiv cs dc,arxiv cs lg,False,arxiv cs cv,False,0.06292111,0.16191715,-0.08632771,-1.5397104,11.258701,18.070297
3770,2982555860,arxiv cs it,arxiv cs it,True,arxiv cs it,True,0.28375006,0.6632129,0.2483882,-16.656603,15.994649,22.237255
3771,2983610144,arxiv cs cv,arxiv cs cv,True,arxiv cs cv,True,0.72970283,0.07630323,0.011561058,2.8717139,12.799266,-13.638295
3772,2984228321,arxiv cs dc,arxiv cs lg,False,arxiv cs lg,False,0.9520178,0.61844414,-0.09493589,-16.440077,17.692015,7.61261
3773,2984459021,arxiv cs cv,arxiv cs cv,True,arxiv cs cv,True,0.52629936,-0.19341202,0.21970084,10.518681,9.429772,12.2855
3774,2984656972,arxiv cs lg,arxiv cs ai,False,arxiv cs ai,False,-0.56471115,0.40724444,0.14905469,-8.435953,-20.87513,-20.598772
3775,2984941342,arxiv cs cl,arxiv cs cl,True,arxiv cs cl,True,-0.41504505,-0.7738991,0.55667603,16.957472,-12.28042,-11.462857
3776,2985102704,arxiv cs ro,arxiv cs cv,False,arxiv cs cv,False,-0.3433876,0.106777385,-0.3218529,-12.521005,-11.981305,-1.2458372
3777,2985622559,arxiv cs lg,arxiv cs lg,True,arxiv cs lg,True,0.4673915,0.19559556,0.10081996,1.5669034,21.572655,6.005852
3778,2985666274,arxiv cs cv,arxiv cs cv,True,arxiv cs cv,True,0.764192,-0.3475052,0.168556,11.192414,19.214067,-8.060915
3779,2985866243,arxiv cs cl,arxiv cs cl,True,arxiv cs cl,True,-0.08046818,-0.1667246,0.102439135,9.201384,-24.96202,-1.7665865
3780,2987090991,arxiv cs cv,arxiv cs cv,True,arxiv cs cv,True,-0.61080277,0.039334193,0.34035993,-4.4823346,-10.096552,-27.597235
3781,2987163754,arxiv cs dc,arxiv cs ds,False,arxiv cs ds,False,-0.2505446,0.4989652,-0.013318114,-2.0980344,-19.219084,23.852987
3782,2987336746,arxiv cs ai,arxiv cs ai,True,arxiv cs cl,False,0.48166108,-0.73200387,0.80492854,17.068813,17.269424,-6.9864497
3783,2987748258,arxiv cs lg,arxiv cs cl,False,arxiv cs cv,False,0.42872941,-0.15704753,0.10853747,8.421542,13.740933,-3.5518844
3784,2987799900,arxiv cs cl,arxiv cs cv,False,arxiv cs cl,True,-0.0052415133,0.08470116,-0.13367343,-12.248146,-5.154689,-0.440511
3785,2988019808,arxiv cs ai,arxiv cs ai,True,arxiv cs ai,True,-0.7797565,-0.18006514,0.5461258,-3.3540034,-14.525549,-30.446085
3786,2988930295,arxiv cs gt,arxiv cs gt,True,arxiv cs gt,True,0.03912455,0.3387195,0.13698891,1.3650303,0.13982168,32.23092
3787,2989093880,arxiv cs cr,arxiv cs lg,False,arxiv cs lg,False,-0.19847119,0.1942183,0.28056112,-24.631504,-4.653319,8.6200285
3788,2989588035,arxiv cs cl,arxiv cs cl,True,arxiv cs cl,True,-0.449106,-0.40096325,0.5729903,12.953065,-24.387272,-10.144203
3789,2989679455,arxiv cs lg,arxiv cs lg,True,arxiv cs lg,True,0.31298125,-0.05109857,-0.02984216,9.153829,16.972067,4.5264487
3790,2989780328,arxiv cs ai,arxiv cs cl,False,arxiv cs cl,False,-0.29040706,-0.15041696,0.08606848,9.397515,-16.184566,-28.480207
3791,2989890214,arxiv cs lg,arxiv cs lg,True,arxiv cs lg,True,0.65556073,0.4662192,0.15031238,-12.090708,24.84644,6.2066603
3792,2989909560,arxiv cs cv,arxiv cs cv,True,arxiv cs cv,True,0.29608285,-0.1521445,-0.0081909895,14.627615,7.455903,2.988645
3793,2990348126,arxiv cs cv,arxiv cs cv,True,arxiv cs cv,True,-0.11059624,-0.23496436,-0.3575334,10.759911,-7.7848773,10.798058
3794,2990476648,arxiv cs lg,arxiv cs lg,True,arxiv cs lg,True,-0.38748947,0.028400198,0.12403712,-7.3089123,-16.534613,-3.155002
3795,2991131477,arxiv cs se,arxiv cs dc,False,arxiv cs ai,False,-0.62764347,0.19550037,0.024122734,4.474201,-18.839447,-23.638243
3796,2991316439,arxiv cs cl,arxiv cs cl,True,arxiv cs cl,True,-0.43729782,-0.11102621,0.07886985,3.1374404,-19.32996,-7.152238
3797,2991550674,arxiv cs ne,arxiv cs lg,False,arxiv cs lg,False,0.46394515,0.26088482,0.3239973,-11.303232,18.614468,10.250918
3798,2991562900,arxiv cs it,arxiv cs it,True,arxiv cs it,True,0.062336326,0.26210043,-0.43878508,-6.272986,26.71895,-14.807825
3799,2991593608,arxiv cs cv,arxiv cs cv,True,arxiv cs cv,True,1.8510063,0.020807818,-0.057455048,3.197182,21.083311,-10.293719
3800,2992083897,arxiv cs ds,arxiv cs ds,True,arxiv cs ds,True,-0.44935232,0.3822884,0.3181927,5.033786,-4.4152794,31.704794
3801,2992297903,arxiv cs lg,arxiv cs lg,True,arxiv cs lg,True,-0.048616886,0.5141835,0.32160562,-8.31643,13.008917,23.795729
3802,2992882709,arxiv cs it,arxiv cs ni,False,arxiv cs ni,False,-0.23407751,0.08151932,-0.30545542,-13.415034,0.83245534,-12.965453
3803,2992969223,arxiv cs lg,arxiv cs lg,True,arxiv cs lg,True,0.9799808,0.44066042,0.32871225,-11.6682205,27.129204,10.301876
3804,2993149128,arxiv cs lg,arxiv cs ai,False,arxiv cs lg,True,-0.1424632,-0.2294118,0.22338197,2.8430445,-2.8317268,-7.997467
3805,2993608592,arxiv cs cl,arxiv cs cl,True,arxiv cs cl,True,-0.26364058,-0.0147717,-0.076110475,-0.65083796,-8.1256075,1.2775608
3806,2993685881,arxiv cs it,arxiv cs it,True,arxiv cs it,True,-0.27303874,0.10090942,-0.20997927,17.68575,-20.437971,14.543326
3807,2993903398,arxiv cs ro,arxiv cs ro,True,arxiv cs ro,True,-0.1255635,-0.003311932,-0.2675049,12.80967,-13.511308,6.723666
3810,2994746795,arxiv cs it,arxiv cs it,True,arxiv cs it,True,0.059734285,0.7500215,0.35909027,-6.9587765,28.134476,5.749849
3811,2994811754,arxiv cs cl,arxiv cs cl,True,arxiv cs cl,True,0.6897534,-1.009804,0.75550693,24.220007,12.200659,-17.649872
3812,2994818256,arxiv cs it,arxiv cs dc,False,arxiv cs ni,False,0.37503743,-0.27910876,-0.35177636,-9.486081,13.285405,-19.182041
3813,2994825275,arxiv cs lg,arxiv cs lg,True,arxiv cs lg,True,0.3276137,0.088317156,-0.066024475,-7.899721,13.997854,3.5927565
3814,2995005087,arxiv cs sd,arxiv cs cv,False,arxiv cs cv,False,-0.36309993,-0.5075309,0.27780572,23.471745,-13.621932,-7.097931
3815,2995017464,arxiv cs lg,arxiv cs lg,True,arxiv cs lg,True,-0.001001656,-0.05499533,-0.33408585,6.110455,-15.410411,26.878603
3817,2995680077,arxiv cs lg,arxiv cs cv,False,arxiv cs cv,False,0.31823242,0.1863675,-0.3579459,12.554356,7.278155,23.740799
3818,2995789905,arxiv cs it,arxiv cs it,True,arxiv cs it,True,0.10570824,0.38238952,-0.014135852,0.8402998,30.11026,4.2466803
3819,2995862443,arxiv cs si,arxiv cs si,True,arxiv cs si,True,0.1696819,-0.015041769,0.22557032,7.3604884,19.232817,17.995712
3820,2995908305,arxiv cs cv,arxiv cs cv,True,arxiv cs cv,True,1.3507552,-0.09875117,-0.36365527,-1.0238676,22.129894,-3.4371865
3821,2996107952,arxiv cs cr,arxiv cs cr,True,arxiv cs cr,True,-0.10594821,-0.033623263,-0.02680663,-25.337172,-7.3132358,-9.944928
3822,2996351777,arxiv cs dc,arxiv cs sy,False,arxiv cs ds,False,0.334926,0.15409124,-0.36989346,-10.347825,13.78119,-9.832209
3823,2996482060,arxiv cs cv,arxiv cs cv,True,arxiv cs cv,True,0.999516,0.16299261,-0.29116026,-3.6090987,18.96226,-5.535995
3824,2997059872,arxiv cs ne,arxiv cs cv,False,arxiv cs cv,False,0.41396213,-0.29904878,-0.35271308,3.6403732,10.829495,-5.278525
3825,2997514136,arxiv cs pf,arxiv cs dc,False,arxiv cs dc,False,-0.86019784,0.18137284,0.47425288,0.23964888,-9.664773,-29.665968
3826,2997793548,arxiv cs lg,arxiv cs lg,True,arxiv cs lg,True,-0.19077128,0.19667865,0.07063416,-13.786915,-8.967051,7.4049606
3827,2998087200,arxiv cs lg,arxiv cs si,False,arxiv cs lg,True,-0.4940095,0.12877484,-0.07225644,-3.6059885,-9.365744,-23.615322
3828,2998271708,arxiv cs ir,arxiv cs cv,False,arxiv cs cv,False,0.09317362,-0.13767768,0.18468922,18.294205,0.1960102,-10.408142
3829,2998281275,arxiv cs lg,arxiv cs cv,False,arxiv cs cv,False,0.031926572,0.21402465,0.046652887,-20.442865,-1.2446305,18.76567
3830,2998871099,arxiv cs cv,arxiv cs cv,True,arxiv cs cv,True,0.21692324,-0.31114614,0.031593725,14.752107,-4.4352665,0.89786136
3831,2998899284,arxiv cs cl,arxiv cs cl,True,arxiv cs cl,True,-0.16497725,-0.067926615,-0.093849055,-5.896314,-6.8668327,7.403277
3832,2998977000,arxiv cs lg,arxiv cs lg,True,arxiv cs lg,True,-0.06559926,0.1121714,-0.09908404,-20.558647,-17.078943,8.659246
3833,2998977172,arxiv cs lg,arxiv cs cv,False,arxiv cs cv,False,-0.041294336,-0.20662545,0.19792104,-9.381723,-11.133618,2.4856992
3834,2999003335,arxiv cs cv,arxiv cs cv,True,arxiv cs cv,True,-0.043347836,-0.37428516,-0.21208441,19.95158,-8.3220005,17.638145
3835,2999037634,arxiv cs lg,arxiv cs cv,False,arxiv cs cv,False,1.1265286,0.22620974,0.51870215,6.0278783,22.576113,-12.098002
3836,2999102762,arxiv cs it,arxiv cs it,True,arxiv cs cg,False,0.14507788,0.45286512,0.46603438,-2.1311479,21.708544,27.034908
3837,2999192465,arxiv cs it,arxiv cs it,True,arxiv cs it,True,-0.015046418,0.06741392,-0.3678234,-8.956282,33.9575,-8.716796
3838,2999820041,arxiv cs gr,arxiv cs cv,False,arxiv cs cv,False,0.33121276,-0.40820903,0.21665606,20.451166,6.9180894,6.609827
3839,2999847270,arxiv cs ro,arxiv cs ro,True,arxiv cs ro,True,-0.17122507,0.18994883,-0.5349424,-2.6786127,1.0782611,9.124211
3840,2999999068,arxiv cs dl,arxiv cs dl,True,arxiv cs dl,True,-0.7168133,0.12359245,0.12751189,-3.3859673,-23.806547,0.16948622
3841,3000359279,arxiv cs cr,arxiv cs cr,True,arxiv cs cr,True,-0.23580682,0.46302545,-0.52937245,-24.29439,5.325431,-4.7806344
3842,3000542706,arxiv cs hc,arxiv cs cl,False,arxiv cs cl,False,-0.6477349,-0.48226976,0.3222966,10.377075,-21.398224,-11.920078
3843,3001597162,arxiv cs hc,arxiv cs cv,False,arxiv cs cv,False,-0.18095613,-0.23783414,-0.5618656,-2.9087996,-8.299284,12.185476
3844,3001644311,arxiv cs cv,arxiv cs cv,True,arxiv cs cv,True,0.73951185,-0.32213467,-0.18929198,21.340836,14.824531,7.247973
3845,3001872591,arxiv cs ai,arxiv cs lo,False,arxiv cs lo,False,-0.42285436,0.033200562,0.33645588,-3.1396337,-34.49732,-2.1042533
3846,3002259915,arxiv cs it,arxiv cs it,True,arxiv cs it,True,0.011904597,0.44724715,-0.37732264,-4.149503,35.868927,5.3321486
3847,3002811759,arxiv cs cr,arxiv cs cv,False,arxiv cs cv,False,-0.46817398,-0.16075413,-0.20248935,-16.196838,-15.73358,-9.020288
3848,3002955717,arxiv cs ir,arxiv cs ai,False,arxiv cs ai,False,-0.24591178,0.12955135,-0.092431135,-25.202251,-3.1072788,17.426235
3849,3003190814,arxiv cs cl,arxiv cs cl,True,arxiv cs cl,True,-0.74011886,-0.4877025,0.15337983,4.604814,-24.010187,-17.996187
3850,3003336473,arxiv cs lg,arxiv cs cl,False,arxiv cs cl,False,-0.3120823,-0.013104528,0.31322816,0.07078644,-13.630103,-5.652612
3851,3003533806,arxiv cs cv,arxiv cs cv,True,arxiv cs cv,True,0.18508703,-0.016816735,-0.08364045,16.72796,6.074834,6.216933
3852,3003928769,arxiv cs cl,arxiv cs cl,True,arxiv cs cl,True,-0.2740035,-0.4590037,0.2088755,17.174799,-17.32974,-17.520607
3853,3003987449,arxiv cs cv,arxiv cs cv,True,arxiv cs cv,True,-0.24267566,0.34997398,-0.024694972,-16.29447,-6.5227695,21.776339
3854,3004592666,arxiv cs lg,arxiv cs lg,True,arxiv cs lg,True,-0.038842857,-0.23116155,0.021838877,19.509102,5.533133,22.191738
3855,3004689919,arxiv cs cv,arxiv cs cv,True,arxiv cs cv,True,0.05739945,0.18541808,-0.13681349,8.886896,-9.997695,15.651337
3856,3005593523,arxiv cs si,arxiv cs lg,False,arxiv cs lg,False,-0.12127274,0.12572217,0.40968746,15.077804,-23.162743,3.2957394
3857,3005874494,arxiv cs cl,arxiv cs cl,True,arxiv cs cl,True,-0.5000036,-0.4734068,0.25934055,7.5746174,-21.02182,-14.470165
3858,3005930619,arxiv cs lg,arxiv cs ai,False,arxiv cs lg,True,-0.015702248,0.26597202,0.3217674,-28.278227,7.4006577,5.501882
3859,3006273042,arxiv cs cv,arxiv cs cl,False,arxiv cs cv,True,0.03957808,-0.7246024,0.5501598,15.178443,-9.353367,-17.110754
3860,3006426819,arxiv cs gt,arxiv cs gt,True,arxiv cs gt,True,-0.7513649,0.30895132,0.31562614,-4.9148045,-20.377375,-24.34282
3861,3006654801,arxiv cs cy,arxiv cs cr,False,arxiv cs cr,False,-0.26168334,-0.08885966,0.072359145,-16.353994,-9.768828,-17.892624
3862,3006896224,arxiv cs ni,arxiv cs ni,True,arxiv cs ni,True,-0.04284787,-0.060862362,-0.28391293,-9.332522,20.074139,-18.25889
3863,3007462578,arxiv cs ni,arxiv cs ni,True,arxiv cs ni,True,-0.59877634,0.18150923,-0.27689108,-4.378861,22.27213,-11.731239
3864,3007560180,arxiv cs gt,arxiv cs gt,True,arxiv cs lg,False,-0.35019872,-0.11613579,-0.14231268,0.09146005,-9.875873,0.050329603
3865,3007676238,arxiv cs cv,arxiv cs cv,True,arxiv cs cv,True,-0.58140826,0.3087948,-0.07029507,-7.8206706,-21.958183,4.416745
3866,3007780034,arxiv cs lg,arxiv cs cv,False,arxiv cs cv,False,-0.036254942,-0.2248557,-0.10277184,-2.6902268,-2.332386,-0.123503074
3867,3007938835,arxiv cs cv,arxiv cs cv,True,arxiv cs cv,True,0.5376842,-0.45421547,0.004817035,24.307856,3.5050242,-0.7513264
3868,3008054670,arxiv cs gt,arxiv cs gt,True,arxiv cs gt,True,-0.4054802,0.22187966,0.41304314,13.014076,-31.528713,-2.7731063
3869,3008154091,arxiv cs cv,arxiv cs cv,True,arxiv cs cv,True,-0.403335,-0.0075255483,-0.030643962,-4.050436,-15.986417,-1.5875137
3870,3008187564,arxiv cs cv,arxiv cs cl,False,arxiv cs cv,True,-0.47378334,-0.11159958,0.19402015,4.9528837,-21.931047,-4.5681424
3871,3008216235,arxiv cs cl,arxiv cs cl,True,arxiv cs cv,False,0.97801304,-0.46624625,0.04055608,20.042692,18.175205,-2.6126451
3872,3008449794,arxiv cs lg,arxiv cs lg,True,arxiv cs lg,True,-0.32471117,-0.49774545,0.29979423,8.200822,-7.420317,-25.667843
3873,3008686018,arxiv cs cl,arxiv cs cl,True,arxiv cs cl,True,-0.8055084,-0.1853561,0.32615653,-0.17770578,-12.65367,-28.643581
3874,3008914387,arxiv cs cv,arxiv cs cv,True,arxiv cs cv,True,0.3366469,-0.1946085,-0.265545,6.4008684,3.1516178,0.4402193
3875,3009315245,arxiv cs cv,arxiv cs cv,True,arxiv cs cv,True,-0.42977497,0.51932395,-0.08501788,-3.774769,-23.607946,12.195502
3876,3009575402,arxiv cs cv,arxiv cs cv,True,arxiv cs cv,True,-0.07337195,-0.22625585,-0.38459262,-4.556429,-9.0724745,9.975619
3877,3010307718,arxiv cs ro,arxiv cs cv,False,arxiv cs cv,False,0.41757798,-0.034161463,-0.30302003,10.724663,6.9284186,14.400712
3878,3010521692,arxiv cs cl,arxiv cs cl,True,arxiv cs cl,True,-0.2733822,-0.72309226,0.36626944,17.08314,-6.2715316,-20.32024
3879,3010583870,arxiv cs lg,arxiv cs cv,False,arxiv cs cv,False,0.3335415,-0.45330435,0.2362794,16.412306,9.993569,-9.794254
3880,3010647513,arxiv cs cv,arxiv cs cv,True,arxiv cs cv,True,-0.0583452,0.28442138,-0.4242346,-1.1499517,1.679039,5.109426
3881,3010681583,arxiv cs oh,arxiv cs ro,False,arxiv cs ro,False,-0.15967363,-0.10266365,-0.56782,-11.918768,5.431439,-10.963116
3882,3010871581,arxiv cs cv,arxiv cs cv,True,arxiv cs cv,True,0.2494309,-0.1533219,0.23111615,13.669479,19.46986,19.326227
3883,3010955258,arxiv cs cv,arxiv cs cv,True,arxiv cs cv,True,-0.041790485,0.17938922,-0.0881973,-5.9819765,-5.145357,13.839845
3884,3011114555,arxiv cs ni,arxiv cs cr,False,arxiv cs cr,False,0.10438663,-0.256213,-0.3039609,-9.664708,8.705733,-23.303965
3885,3011326403,arxiv cs cr,arxiv cs cr,True,arxiv cs ni,False,-0.62220037,-0.33996528,0.09536438,-7.73506,-15.017079,-17.333765
3886,3011672202,arxiv cs lg,arxiv cs lg,True,arxiv cs lg,True,0.27637434,-0.1457548,-0.31922254,-1.535162,1.1957581,-3.81092
3887,3011809498,arxiv cs ds,arxiv cs ds,True,arxiv cs ds,True,-0.22765464,0.32791513,0.00010997057,-11.149488,-17.402857,10.961846
3888,3011844347,arxiv cs gt,arxiv cs lg,False,arxiv cs lg,False,-0.32365438,0.2362531,0.14648408,-11.624696,-21.758736,8.442174
3889,3012138252,arxiv cs cv,arxiv cs cv,True,arxiv cs cv,True,0.14900261,0.46091998,0.17905647,-12.795132,-2.8563364,14.818186
3890,3012143097,arxiv cs ds,arxiv cs si,False,arxiv cs si,False,-0.06178516,0.06709608,0.29602543,-20.798265,-7.9697094,12.841531
3891,3012345896,arxiv cs cv,arxiv cs cl,False,arxiv cs cl,False,-0.22274894,-0.10855235,0.1269693,9.957186,-19.063284,2.2368443
3892,3012368301,arxiv cs cy,arxiv cs lg,False,arxiv cs lg,False,-0.2770039,-0.29009032,0.0709949,-3.8309712,-11.8852,-12.01912
4281,2608495770,arxiv cs cv,arxiv cs cv,True,arxiv cs lg,False,-0.0027455688,0.11240574,-0.26602864,10.94156,-3.1517773,19.742044
4433,2795115597,arxiv cs ce,arxiv cs sy,False,arxiv cs sy,False,-0.32224357,0.5694481,-0.06364787,-1.9068127,-21.334951,17.225927
4442,2797442898,arxiv cs pf,arxiv cs ni,False,arxiv cs ni,False,-0.5982629,0.32579982,-0.0911682,-4.0122194,-22.885387,9.69846
4449,2798457808,arxiv cs it,arxiv cs it,True,arxiv cs it,True,0.2377522,0.033710584,0.008309912,6.629641,17.827421,4.529441
4530,2891455536,arxiv cs cl,arxiv cs cv,False,arxiv cs cv,False,-0.24229467,-0.18362762,0.26684403,2.1872354,-1.131601,-24.908714
4535,2892053535,arxiv cs ai,arxiv cs lg,False,arxiv cs lg,False,-0.23457599,0.32545865,0.02574895,-12.762872,-3.342112,12.5805435
4536,2892550322,arxiv cs lg,arxiv cs cv,False,arxiv cs cv,False,-0.13721335,-0.4697082,0.07485594,16.999186,-5.183133,-3.529998
4538,2893862387,arxiv cs it,arxiv cs it,True,arxiv cs it,True,-0.25433153,0.63858825,-0.246104,-4.5344205,33.634014,5.8407364
4562,2900605104,arxiv cs ni,arxiv cs it,False,arxiv cs ni,True,-0.32993364,0.43436033,-0.13184464,4.658044,-23.005133,9.928558
4564,2901042760,arxiv cs mm,arxiv cs cv,False,arxiv cs cv,False,-0.12464774,0.015645847,-0.0211116,8.438528,-11.835272,11.79195
4570,2901738852,arxiv cs cv,arxiv cs cv,True,arxiv cs cv,True,0.17426908,-0.09048681,-0.19951093,-1.4606135,-4.9167595,12.719682
4581,2902554997,arxiv cs ni,arxiv cs ni,True,arxiv cs ni,True,0.05666071,-0.12101413,-0.42004156,-12.945379,10.409778,-21.804535
4585,2903574704,arxiv cs lg,arxiv cs lg,True,arxiv cs lg,True,-0.05677861,-0.12324147,0.09763743,8.744121,2.2619894,-16.690151
4589,2904444600,arxiv cs cv,arxiv cs cv,True,arxiv cs cv,True,0.073370755,-0.35561377,0.15984982,21.45882,10.316357,-9.143397
4594,2906871406,arxiv cs cv,arxiv cs cv,True,arxiv cs cv,True,0.35906124,-0.4490803,-0.035312615,16.66135,22.64916,2.8178139
4596,2908150527,arxiv cs ai,arxiv cs ai,True,arxiv cs ai,True,-0.063764274,0.15563773,-0.18059632,-10.432635,4.1294594,5.551211
4597,2908292767,arxiv cs oh,arxiv cs ni,False,arxiv cs cr,False,-0.4089879,-0.09944107,-0.31825474,-15.024652,-7.149721,-12.521873
4598,2909235141,arxiv cs cv,arxiv cs cv,True,arxiv cs cv,True,-0.027605832,-0.3262235,0.19899407,4.145903,-1.6734754,-26.321718
4599,2910101086,arxiv cs cv,arxiv cs cv,True,arxiv cs cv,True,-0.07673633,-0.02663152,-0.55183524,6.037952,-3.2351153,23.136734
4600,2910261328,arxiv cs ro,arxiv cs ro,True,arxiv cs ro,True,0.13652515,0.027046934,-0.28460786,-14.98071,8.356349,0.029882131
4601,2910493009,arxiv cs cc,arxiv cs ds,False,arxiv cs ds,False,0.09986222,0.49436736,0.6199202,-7.778781,23.71141,24.818336
4603,2911586796,arxiv cs ro,arxiv cs cv,False,arxiv cs cv,False,0.17221671,-0.23052667,-0.43783653,4.9405136,6.0111604,-5.068717
4604,2911833000,arxiv cs lg,arxiv cs lg,True,arxiv cs lg,True,-0.17162532,-0.084356144,0.066235825,-21.089775,-5.5945663,1.0333105
4605,2911935295,arxiv cs lg,arxiv cs cv,False,arxiv cs cv,False,0.29655385,-0.1454127,-0.1021389,-14.299994,4.950019,-2.3942122
4606,2912512065,arxiv cs cr,arxiv cs cr,True,arxiv cs gt,False,-0.6419687,-0.04243584,0.048145287,-2.2558014,-19.246801,-8.976168
4607,2912637731,arxiv cs fl,arxiv cs cc,False,arxiv cs ds,False,0.51608,0.8581047,1.0688303,-4.8566804,29.136831,26.683235
4608,2912656237,arxiv cs cl,arxiv cs cl,True,arxiv cs cl,True,-0.91376215,-0.26334387,0.4890013,17.56551,-20.849106,-10.403203
4609,2912826586,arxiv cs ni,arxiv cs si,False,arxiv cs si,False,-0.43015236,-0.16075654,-0.09410364,-6.3211665,-8.79308,-12.163885
4610,2914203408,arxiv cs cv,arxiv cs cv,True,arxiv cs cv,True,0.8980154,-0.6413868,-0.21031666,31.772991,-0.0039013517,-11.953775
4611,2914307399,arxiv cs cv,arxiv cs cv,True,arxiv cs lg,False,0.25525057,0.4230821,-0.0073234215,1.6468208,11.959177,11.164639
4612,2914697453,arxiv cs cv,arxiv cs cv,True,arxiv cs cv,True,0.14987212,-0.05659233,-0.33483383,10.637632,-1.1589469,14.622458
4613,2914853502,arxiv cs fl,arxiv cs lg,False,arxiv cs ai,False,-0.13581306,0.055539228,-0.015063241,1.1174203,-12.342486,-14.47664
4614,2915045196,arxiv cs cv,arxiv cs cv,True,arxiv cs cv,True,0.38486505,-0.11012612,-0.21538582,2.4379592,13.270536,-6.223189
4615,2915285234,arxiv cs se,arxiv cs cr,False,arxiv cs cr,False,-0.4047125,-0.24755566,-0.2953782,-15.287199,-10.398627,-12.133004
4616,2915457114,arxiv cs cv,arxiv cs cv,True,arxiv cs cv,True,0.38610983,0.11029745,-0.16469339,-1.3524394,10.1694565,-9.325339
4617,2916298370,arxiv cs cr,arxiv cs cr,True,arxiv cs cr,True,-0.56003314,-0.10488428,0.079562314,-11.188368,-22.463966,-14.364825
4618,2917101430,arxiv cs ro,arxiv cs cv,False,arxiv cs cv,False,0.6947297,-1.385889,0.67124444,29.266777,-2.4910786,-5.8552547
4619,2917520730,arxiv cs it,arxiv cs it,True,arxiv cs it,True,0.60137284,0.29947767,-0.544919,-13.918222,30.649998,-10.296425
4620,2918566743,arxiv cs ni,arxiv cs ni,True,arxiv cs it,False,-0.06494099,0.25013956,-0.2786958,-8.235609,18.821716,-8.48243
4621,2919334316,arxiv cs ro,arxiv cs lg,False,arxiv cs lg,False,-0.4075566,-0.0088765025,-0.07355643,3.235415,-7.8569193,-6.2389007
4622,2919360088,arxiv cs lg,arxiv cs lg,True,arxiv cs lg,True,0.10503781,0.2217877,0.0072712153,-22.652603,5.376235,12.957799
4623,2919570819,arxiv cs cv,arxiv cs cv,True,arxiv cs cv,True,-0.1371597,-0.21669613,-0.015189916,14.000913,-13.076852,-0.9167259
4624,2919712124,arxiv cs cc,arxiv cs ds,False,arxiv cs ds,False,0.44907868,0.8991725,0.71587235,-3.7890224,20.777203,29.57755
4626,2920831719,arxiv cs sy,arxiv cs sy,True,arxiv cs sy,True,0.33544898,0.27594662,-0.13255602,-7.0807915,22.476286,-1.7852043
4627,2920961538,arxiv cs ne,arxiv cs cv,False,arxiv cs cv,False,0.38501203,-0.15797473,-0.24924827,5.885099,15.385521,-14.906365
4628,2921618394,arxiv cs ro,arxiv cs cv,False,arxiv cs cv,False,0.6355313,-0.1374261,-0.37678126,-28.409338,5.340712,-13.9885
4629,2921840414,arxiv cs it,arxiv cs cv,False,arxiv cs it,True,-0.006774962,0.28460157,-0.29046777,8.381476,-7.421237,20.250843
4630,2922338053,arxiv cs lg,arxiv cs lg,True,arxiv cs lg,True,0.68117535,0.16007444,0.3770779,-16.884464,20.481417,17.894547
4631,2922572040,arxiv cs lg,arxiv cs lg,True,arxiv cs lg,True,-0.30551258,-0.006898999,-0.121097766,-19.892233,-22.86252,10.698781
4632,2922593726,arxiv cs cv,arxiv cs cv,True,arxiv cs cv,True,-0.015438795,0.03480582,-0.11994787,6.4368844,-0.6594124,14.934475
4633,2922602266,arxiv cs db,arxiv cs lg,False,arxiv cs lg,False,0.7271906,-0.26095927,0.08611709,10.409304,19.307467,-1.5271635
4634,2922706279,arxiv cs cv,arxiv cs cv,True,arxiv cs cv,True,-0.35163167,-0.12405731,-0.051593848,2.23786,-15.833893,-1.8555577
4635,2922783569,arxiv cs lg,arxiv cs cv,False,arxiv cs cv,False,-0.48872387,0.20610005,0.10936151,-2.2706003,-9.550302,-28.2009
4636,2923164325,arxiv cs ai,arxiv cs lo,False,arxiv cs lo,False,-0.3680569,-0.37408924,0.5017255,11.433807,-27.204058,-8.217086
4637,2923531447,arxiv cs cv,arxiv cs cv,True,arxiv cs cv,True,-0.53356254,-0.12000768,-0.031692214,9.197401,-14.3027525,-0.35375935
4638,2924910964,arxiv cs lg,arxiv cs lg,True,arxiv cs lg,True,-0.07117605,-0.017115384,0.0070203096,-11.66034,-8.376841,2.6436052
4639,2928157547,arxiv cs cv,arxiv cs cv,True,arxiv cs cv,True,-0.001417458,-0.24479221,-0.003580995,3.6388247,-2.735151,-31.17047
4640,2929676662,arxiv cs lg,arxiv cs cv,False,arxiv cs cv,False,0.044597685,-0.6386081,0.39456674,5.6151967,0.33064246,-27.473646
4641,2929779797,arxiv cs cv,arxiv cs cv,True,arxiv cs cv,True,0.38196373,-0.54520017,-0.1880647,27.20034,8.715825,-3.3114095
4642,2933169976,arxiv cs ds,arxiv cs ds,True,arxiv cs ds,True,0.16716409,0.71461433,0.3550142,-11.280647,15.499038,20.81772
4643,2933171650,arxiv cs sy,arxiv cs ro,False,arxiv cs ro,False,-0.11605364,0.2984071,-0.12414742,-4.034854,3.4154136,14.35155
4644,2933283236,arxiv cs cv,arxiv cs cv,True,arxiv cs cv,True,0.20028096,-0.47251832,0.21250412,15.593188,7.6737046,1.2252972
4645,2934891176,arxiv cs ro,arxiv cs ro,True,arxiv cs ai,False,-0.3475308,0.31011602,-0.07475709,-11.391537,-20.544867,3.4355783
4646,2934929315,arxiv cs gt,arxiv cs cr,False,arxiv cs cr,False,-0.5377837,-0.13135351,0.36852336,-16.353647,-13.662583,-19.548712
4647,2935564801,arxiv cs cv,arxiv cs cv,True,arxiv cs cv,True,0.546962,-0.053103626,-0.23293775,15.10236,1.7223358,20.219612
4648,2936175778,arxiv cs ds,arxiv cs ds,True,arxiv cs ds,True,-0.10799956,0.5019721,0.14244112,5.6499877,13.148012,15.714404
4649,2937227853,arxiv cs cv,arxiv cs cv,True,arxiv cs cv,True,-0.07913995,-0.4035396,0.18684453,11.277759,-9.17108,-0.8305662
4650,2937411069,arxiv cs cv,arxiv cs cv,True,arxiv cs cv,True,-0.23912835,0.24775246,-0.15132007,-4.102513,3.232906,18.85234
4651,2938272992,arxiv cs ro,arxiv cs lg,False,arxiv cs ai,False,0.31813693,-0.15433867,0.106975794,7.9214115,26.125263,-1.4286366
4652,2938673919,arxiv cs ms,arxiv cs lg,False,arxiv cs cv,False,-0.11527771,-0.12098871,-0.043769322,-15.287731,-7.3706284,-6.50706
4653,2938690944,arxiv cs cv,arxiv cs cv,True,arxiv cs cv,True,0.23511112,-0.37611324,-0.054157473,8.134988,9.491996,-10.379513
4654,2938861975,arxiv cs cl,arxiv cs cl,True,arxiv cs cv,False,-0.48188022,-0.1923979,0.029054932,2.6476936,-7.838398,-16.754122
4655,2939486402,arxiv cs ds,arxiv cs ds,True,arxiv cs ds,True,0.14482051,0.58934283,0.132369,-6.0148053,14.090157,17.598017
4656,2940081677,arxiv cs ro,arxiv cs lg,False,arxiv cs cv,False,-0.010959625,-0.034171775,-0.36623254,-12.689942,-8.132234,-2.054789
4657,2940345269,arxiv cs ne,arxiv cs si,False,arxiv cs ai,False,-0.26223493,-0.0051424652,0.05522199,-14.926995,-16.611406,1.3249332
4658,2941353835,arxiv cs it,arxiv cs it,True,arxiv cs it,True,0.18737459,-0.17141204,-0.5219735,-11.094641,25.710127,-18.478807
4659,2941661981,arxiv cs lg,arxiv cs ds,False,arxiv cs ds,False,0.108486176,0.54306144,0.37053025,-9.460463,17.343939,15.613645
4660,2941670969,arxiv cs cv,arxiv cs cv,True,arxiv cs cv,True,0.08346462,-0.10938956,-0.085735165,-7.8919644,5.72466,0.8323897
4661,2941859974,arxiv cs se,arxiv cs lo,False,arxiv cs lo,False,-0.48983794,0.23091543,0.01697347,-1.3473645,-25.579409,4.469232
4662,2941877792,arxiv cs cv,arxiv cs cv,True,arxiv cs cv,True,0.44651067,-0.016662717,-0.37918898,21.507015,7.720921,2.5438883
4663,2942169167,arxiv cs ni,arxiv cs ni,True,arxiv cs ni,True,-0.5270556,0.15154141,-0.13958418,-8.736639,-23.193922,-5.389496
4664,2942461958,arxiv cs cl,arxiv cs cl,True,arxiv cs cl,True,-0.5668855,-0.16770454,0.055999,16.212948,-28.4124,3.0994234
4665,2942480541,arxiv cs ni,arxiv cs ni,True,arxiv cs ni,True,-0.12852454,0.0340925,-0.3736532,-9.549657,2.4517133,-1.4332124
4666,2943238004,arxiv cs lg,arxiv cs lg,True,arxiv cs lg,True,0.08644414,0.084821045,-0.40801993,17.086685,10.599736,16.638285
4667,2943459190,arxiv cs ro,arxiv cs cv,False,arxiv cs cv,False,-0.1001094,0.012729704,-0.3534949,-2.4484506,-0.2230197,6.763685
4668,2943931381,arxiv cs lg,arxiv cs lg,True,arxiv cs lg,True,1.0508347,0.36175334,0.6755124,-0.052605625,28.223576,19.72381
4669,2944081323,arxiv cs ni,arxiv cs ni,True,arxiv cs ni,True,-0.40622476,0.17775187,-0.30355057,-9.091027,-5.7231836,-12.911064
4670,2944356068,arxiv cs si,arxiv cs si,True,arxiv cs si,True,-0.5817161,-0.20458849,-0.0038122833,-6.1392026,-20.517342,-9.574836
4671,2944390450,arxiv cs lg,arxiv cs lg,True,arxiv cs lg,True,-0.016652048,0.41766694,0.51327324,10.018682,12.512541,27.976927
4672,2944784882,arxiv cs cv,arxiv cs cv,True,arxiv cs cv,True,0.04878068,-0.09775205,-0.43179002,14.315777,-1.4966631,22.229229
4673,2944965930,arxiv cs ma,arxiv cs sy,False,arxiv cs sy,False,0.45688677,0.292492,-0.20571798,-4.9894013,23.41816,9.489657
4674,2945642987,arxiv cs sy,arxiv cs ai,False,arxiv cs ai,False,0.13971949,0.05474016,0.26729488,20.538925,19.371466,14.292665
4675,2945810242,arxiv cs cv,arxiv cs cv,True,arxiv cs cv,True,0.13893437,0.3127911,-0.4258357,-20.497314,13.16123,-5.7431283
4676,2945918925,arxiv cs lg,arxiv cs cv,False,arxiv cs cv,False,0.024972916,0.07473786,0.09925561,5.204655,20.991196,-19.24705
4677,2946309116,arxiv cs db,arxiv cs ds,False,arxiv cs ds,False,-0.005670607,-0.05961643,0.26019824,26.966127,-11.014517,0.8454508
4678,2946490758,arxiv cs lg,arxiv cs cv,False,arxiv cs cv,False,-0.22623551,0.37491092,0.052044645,-16.007437,-11.881726,11.617195
4679,2946646791,arxiv cs cv,arxiv cs cv,True,arxiv cs cv,True,-0.04579532,-0.4213742,0.38638988,15.992693,-13.890918,3.9415333
4680,2946665599,arxiv cs cv,arxiv cs cv,True,arxiv cs cv,True,0.12669742,-0.08674596,-0.21149197,-9.464528,6.734569,-2.951098
4681,2947101691,arxiv cs cv,arxiv cs cv,True,arxiv cs cv,True,0.06574482,-0.5681914,0.44225422,17.176485,-4.6576915,-12.766867
4682,2947641054,arxiv cs cl,arxiv cs cl,True,arxiv cs cl,True,-0.20093071,0.08651988,0.09446213,-16.57027,1.830039,9.8774
4683,2947706694,arxiv cs cv,arxiv cs cv,True,arxiv cs cv,True,0.118009806,-0.24905081,-0.34641054,-22.697388,-9.437524,6.7119684
4684,2947839263,arxiv cs lg,arxiv cs cv,False,arxiv cs cv,False,-0.4083129,0.20854513,-0.3144624,-0.11108346,-25.49174,10.363977
4685,2948002673,arxiv cs ds,arxiv cs ds,True,arxiv cs ds,True,0.04313332,0.5946351,0.45316902,-7.625995,18.569098,19.86297
4686,2948254069,arxiv cs lg,arxiv cs lg,True,arxiv cs lg,True,-0.2978618,0.18138592,-0.15331787,-16.615494,-11.878353,16.714073
4687,2948260330,arxiv cs sy,arxiv cs ni,False,arxiv cs ni,False,-0.064308465,0.051132336,-0.48903728,-9.78636,20.788347,-16.853941
4688,2948615379,arxiv cs ds,arxiv cs ds,True,arxiv cs ds,True,0.114464104,0.54569256,0.22663003,-2.5876799,16.778944,19.341421
4689,2948957017,arxiv cs cl,arxiv cs cl,True,arxiv cs cl,True,-0.5586074,0.13130581,-0.20451057,-4.0941067,-22.047588,2.875044
4709,2949342585,arxiv cs cv,arxiv cs cv,True,arxiv cs cv,True,0.93891215,-0.24794392,0.31406444,22.492908,13.56459,0.70551765
4724,2949644922,arxiv cs cl,arxiv cs cv,False,arxiv cs cl,True,-0.027433753,0.33316436,-0.46087503,-1.7521055,-3.3436308,25.215942
4729,2949735689,arxiv cs cv,arxiv cs cv,True,arxiv cs cv,True,0.42152143,-0.61373943,-0.18838057,20.582443,2.3741934,7.247813
4730,2949754407,arxiv cs cl,arxiv cs cl,True,arxiv cs cl,True,-0.44088286,0.124954425,-0.110197134,-5.046769,-20.019144,10.90304
4760,2950139162,arxiv cs cv,arxiv cs lg,False,arxiv cs lg,False,-0.03234601,0.42003393,-0.20071632,-6.6925287,2.6260915,13.98589
4766,2950253458,arxiv cs cl,arxiv cs cl,True,arxiv cs cl,True,-0.39048314,-0.40504187,0.19418186,13.775223,-16.592554,-8.474854
4794,2950696437,arxiv cs si,arxiv cs lg,False,arxiv cs lg,False,-0.14565998,-0.14500116,0.028162342,-7.8897147,-7.7398515,-7.6847615
4795,2950701228,arxiv cs cl,arxiv cs cl,True,arxiv cs cl,True,-0.24200976,-0.4205361,0.12431319,18.174948,-15.057746,-0.87728184
4797,2950732397,arxiv cs cv,arxiv cs cv,True,arxiv cs cv,True,-0.13345581,-0.37992948,-0.072286196,-29.07871,-6.1982946,3.9329007
4803,2950853372,arxiv cs ai,arxiv cs ai,True,arxiv cs ai,True,0.029684544,-0.32578987,0.13553596,-16.345686,-9.693316,0.77947587
4813,2950962173,arxiv cs cv,arxiv cs cv,True,arxiv cs cv,True,0.5902351,-0.17160149,0.28613803,24.135878,7.1348524,-20.7662
4819,2951039032,arxiv cs it,arxiv cs ni,False,arxiv cs ni,False,-0.33339605,0.02647072,-0.12971482,-12.992767,-19.046331,-14.080317
4825,2951147090,arxiv cs cl,arxiv cs cl,True,arxiv cs cl,True,-0.1893757,0.2534122,-0.0077164248,-1.7167742,-17.369354,13.752268
4833,2951384712,arxiv cs ir,arxiv cs lg,False,arxiv cs lg,False,0.21912795,-0.255309,0.35518757,31.050047,-4.6329594,1.8264139
4860,2951798948,arxiv cs cr,arxiv cs lg,False,arxiv cs cv,False,0.18685544,-0.42107928,0.013011336,-8.885067,11.156606,-23.028328
4865,2951890666,arxiv cs cl,arxiv cs cl,True,arxiv cs cl,True,0.13766664,-0.47569835,-0.032788545,22.393385,-0.95186394,-2.156267
4900,2952610322,arxiv cs mm,arxiv cs cv,False,arxiv cs cv,False,-0.22603393,-0.2416007,0.12140291,9.615319,-13.042524,-4.1770725
4910,2952746683,arxiv cs cl,arxiv cs cl,True,arxiv cs cl,True,-0.30057302,-0.17397808,-0.025390044,12.415912,-17.451416,-0.58842564
4918,2952895179,arxiv cs ir,arxiv cs cl,False,arxiv cs cl,False,0.25436163,-0.24945302,-0.02112306,15.365863,9.736355,6.500066
4926,2952993422,arxiv cs lg,arxiv cs ai,False,arxiv cs ai,False,-0.13731825,0.15850171,0.52316916,-28.148432,7.676379,8.760463
4934,2953126493,arxiv cs cl,arxiv cs cl,True,arxiv cs cl,True,-0.20702022,-0.49620193,0.22562823,9.597876,-16.428719,-10.917017
4938,2953140164,arxiv cs mm,arxiv cs cv,False,arxiv cs cv,False,-0.50159466,-0.11692719,0.10147471,-0.9879362,-24.848396,-17.139397
4950,2953349036,arxiv cs cr,arxiv cs cr,True,arxiv cs cr,True,-0.08597702,0.33565897,-0.14512289,-24.968002,8.012394,-1.9590131
4954,2953543405,arxiv cs sy,arxiv cs ni,False,arxiv cs ni,False,0.20998889,0.63230014,-0.48637915,-18.393612,19.556938,-9.183719
4955,2953903543,arxiv cs ai,arxiv cs cv,False,arxiv cs cv,False,-0.29108873,-0.43181306,-0.18838692,2.7660444,-16.775427,-12.8159895
4956,2954027456,arxiv cs lg,arxiv cs lg,True,arxiv cs lg,True,0.2414062,0.3955055,0.10798131,-7.1820974,21.665062,12.631971
4957,2954402037,arxiv cs lg,arxiv cs lg,True,arxiv cs lg,True,1.4272542,0.77890253,0.47956598,-13.561799,24.362207,10.925004
4960,2955155971,arxiv cs it,arxiv cs ni,False,arxiv cs ni,False,-0.43109417,0.23152547,-0.100537844,-9.929242,-27.978891,9.703079
4961,2955225973,arxiv cs pl,arxiv cs cl,False,arxiv cs cl,False,-0.073990166,0.00233306,0.24265444,12.698599,-21.600136,-4.9348097
4962,2955253897,arxiv cs cr,arxiv cs cr,True,arxiv cs cr,True,-0.5982445,-0.5063952,-0.10158598,-10.138444,-18.76029,-16.471788
4963,2955510516,arxiv cs cv,arxiv cs cv,True,arxiv cs cv,True,0.4934752,-0.5967475,-0.4212165,25.81931,-2.474345,6.933846
4964,2955898177,arxiv cs ni,arxiv cs it,False,arxiv cs it,False,0.11890346,0.07304736,-0.17491755,-8.04089,17.804615,-18.292496
4965,2956038346,arxiv cs cr,arxiv cs cc,False,arxiv cs cc,False,0.61328685,0.7721235,1.1772636,1.1440411,25.395798,26.298347
4966,2956683046,arxiv cs cv,arxiv cs cv,True,arxiv cs cv,True,-0.23075902,-0.19613717,-0.39810413,4.074121,-10.747928,1.3405771
4967,2956958106,arxiv cs cv,arxiv cs cv,True,arxiv cs cv,True,0.58671033,-0.1713184,-0.23546246,0.21137819,14.604811,-5.0598626
4968,2957149544,arxiv cs hc,arxiv cs cv,False,arxiv cs cv,False,-0.62376964,0.10854994,0.02169709,3.2498915,-27.144419,5.7271867
4969,2957510905,arxiv cs ds,arxiv cs ds,True,arxiv cs lg,False,0.86607194,0.16983014,0.40986863,-19.96369,27.484028,3.9372597
4970,2957800606,arxiv cs cv,arxiv cs cv,True,arxiv cs cv,True,0.016565561,0.24323764,-0.36709738,-18.491177,17.881733,-2.5539825
4971,2957966506,arxiv cs ir,arxiv cs cl,False,arxiv cs cl,False,-0.31242836,-0.17256032,-0.07033568,-0.6311529,-11.801149,-8.089156
4972,2957994688,arxiv cs cv,arxiv cs cv,True,arxiv cs cv,True,0.19580775,-0.15299176,0.014730692,14.598575,14.791291,1.191988
4973,2958004992,arxiv cs ds,arxiv cs ds,True,arxiv cs ds,True,0.024900198,0.5763089,0.13708094,-5.1013927,15.705599,16.751146
4974,2958611162,arxiv cs dc,arxiv cs ds,False,arxiv cs ds,False,-0.34044716,0.2850781,-0.1306735,-9.276699,-22.034662,13.1441765
4975,2959857067,arxiv cs lg,arxiv cs cl,False,arxiv cs lg,True,-0.5121767,-0.31991774,0.2287479,3.715705,-22.20688,-17.105385
4978,2961365073,arxiv cs cv,arxiv cs cv,True,arxiv cs cv,True,-0.071229756,-0.38443893,-0.40778694,25.402878,-6.979963,11.660975
4979,2962844340,arxiv cs lg,arxiv cs lg,True,arxiv cs cv,False,0.8240249,-0.014835209,-0.1354998,7.2584133,18.77658,-8.81586
4980,2963053595,arxiv cs gt,arxiv cs ai,False,arxiv cs ai,False,-0.10248268,-0.22262509,0.4402458,25.293715,-7.6434836,-2.5442545
4981,2963239606,arxiv cs dc,arxiv cs cr,False,arxiv cs cr,False,-0.15235072,-0.09362869,0.1897592,-14.670775,-8.962787,-23.515203
4984,2963638618,arxiv cs lg,arxiv cs lg,True,arxiv cs lg,True,0.298007,0.15075219,-0.08806158,-7.224514,10.358896,1.8328
4985,2963688412,arxiv cs hc,arxiv cs cl,False,arxiv cs cl,False,-0.5543785,-0.08203642,0.005930193,3.1695545,-28.1971,-3.1824987
4986,2963982405,arxiv cs ro,arxiv cs cv,False,arxiv cs cv,False,-0.12537533,0.10109657,-0.06581158,0.3563048,-15.026157,7.5931625
4987,2964091174,arxiv cs ds,arxiv cs dc,False,arxiv cs dc,False,0.037887037,-0.13610576,-0.15483108,-11.477214,6.813971,-6.44267
4988,2964497891,arxiv cs cv,arxiv cs cv,True,arxiv cs cv,True,0.41088808,-0.37286884,-0.06798584,14.83642,9.245514,-2.0917566
4989,2964512962,arxiv cs cv,arxiv cs lg,False,arxiv cs cv,True,0.39588583,-0.732952,0.15752393,10.670187,-1.2033576,-11.203815
4990,2964627532,arxiv cs lg,arxiv cs ai,False,arxiv cs lg,True,0.23954701,0.045395568,0.47397333,12.415058,21.166471,12.1966915
4991,2964635502,arxiv cs ds,arxiv cs ds,True,arxiv cs ds,True,0.4695834,0.44277334,0.17272243,-3.7798097,20.976097,12.655385
4992,2964852314,arxiv cs cv,arxiv cs cv,True,arxiv cs cv,True,-0.3499877,0.24004366,0.2554545,7.7375293,-25.731041,4.56298
4993,2965671543,arxiv cs mm,arxiv cs cv,False,arxiv cs lg,False,0.47084343,-0.45460576,-0.39660072,30.332531,5.45956,3.501772
4994,2965932272,arxiv cs si,arxiv cs lg,False,arxiv cs lg,False,-0.25328887,0.05344172,-0.022370115,-15.341081,-4.6734104,2.6607792
4995,2965954311,arxiv cs pl,arxiv cs lo,False,arxiv cs lo,False,0.058410704,-0.032494083,0.30479586,-25.429102,2.5683563,11.821063
4996,2966098418,arxiv cs cr,arxiv cs lg,False,arxiv cs lg,False,-0.2263757,-0.23100643,-0.046734057,-4.5870624,-14.121495,-6.0873585
4997,2966707746,arxiv cs ds,arxiv cs ds,True,arxiv cs ds,True,-0.27212483,0.55594677,0.17621627,-3.1651387,6.9713345,26.756638
4998,2966805600,arxiv cs cr,arxiv cs cr,True,arxiv cs cr,True,-0.40893814,0.028906748,0.011580672,-7.3937197,-30.810793,-14.129867
4999,2966893608,arxiv cs cv,arxiv cs cv,True,arxiv cs cv,True,0.24289453,-0.13849358,-0.056908116,-5.337645,5.5497804,-7.450892
5000,2966993394,arxiv cs cv,arxiv cs cv,True,arxiv cs cv,True,-0.06076032,-0.076496884,0.29703557,3.695493,5.870972,-26.27879
5001,2968007491,arxiv cs cr,arxiv cs cr,True,arxiv cs cr,True,-0.28736356,0.09111458,0.28262204,-12.379835,-24.215828,-16.775663
5002,2968680873,arxiv cs cy,arxiv cs cr,False,arxiv cs cr,False,-0.33434534,-0.07929389,-0.41911843,-16.7717,-3.9008787,-11.984191
5003,2968848930,arxiv cs cv,arxiv cs cv,True,arxiv cs cv,True,-0.16611052,-0.1285543,-0.074093215,22.456854,-5.013634,19.49393
5004,2968939395,arxiv cs et,arxiv cs lg,False,arxiv cs cv,False,0.45587146,0.13916908,-0.12056822,-12.179335,16.74755,-2.654851
5005,2969337892,arxiv cs lg,arxiv cs ai,False,arxiv cs lg,True,0.01892072,-0.04517305,0.051585287,-27.495182,4.9930916,4.394207
5006,2969497731,arxiv cs cv,arxiv cs cv,True,arxiv cs cv,True,0.4052043,0.07772279,-0.4095695,5.6522827,6.698339,-1.3754646
5007,2969544268,arxiv cs se,arxiv cs si,False,arxiv cs cl,False,-0.74925023,-0.072352126,-0.0031061023,-4.7696652,-27.590189,-8.792311
5008,2969713569,arxiv cs dc,arxiv cs cr,False,arxiv cs cr,False,-0.12322873,0.1476031,0.04861524,-20.437418,-6.2466407,-21.580593
5009,2969814989,arxiv cs cv,arxiv cs cv,True,arxiv cs cv,True,0.29537225,-0.0726255,0.1805341,5.884812,14.039228,2.81308
5010,2969899802,arxiv cs cl,arxiv cs cl,True,arxiv cs cl,True,0.09805143,-0.10861705,-0.15673068,-7.422307,4.05818,-2.9236271
5011,2970388146,arxiv cs lg,arxiv cs lg,True,arxiv cs lg,True,0.054897785,0.28704616,-0.13976094,-11.831205,-0.013186097,12.164777
5012,2970611152,arxiv cs cl,arxiv cs cv,False,arxiv cs cv,False,-0.40592912,0.08072203,-0.0057635233,13.736183,-4.785497,5.8105655
5013,2970905129,arxiv cs cv,arxiv cs cv,True,arxiv cs cv,True,0.23767495,-0.05057703,-0.12413264,16.299826,14.568074,-19.836292
5014,2971396676,arxiv cs lg,arxiv cs lg,True,arxiv cs lg,True,-0.009063482,0.42112148,0.649667,-4.4988847,21.517939,25.747822
5015,2971459365,arxiv cs ro,arxiv cs lg,False,arxiv cs lg,False,-0.29499048,0.3108736,-0.0554445,-10.103878,-16.16714,7.252904
5016,2971564127,arxiv cs ni,arxiv cs ni,True,arxiv cs ni,True,-0.42567673,0.26390588,-0.4692133,-6.6168456,-14.763759,18.504515
5017,2971687752,arxiv cs cr,arxiv cs cv,False,arxiv cs cv,False,0.29026556,-0.09176324,-0.31283295,-6.9937015,8.564033,-10.967288
5018,2971727303,arxiv cs lo,arxiv cs it,False,arxiv cs it,False,-0.18888956,0.45202458,0.32664743,2.8615723,19.578428,29.635672
5019,2971826078,arxiv cs lg,arxiv cs lg,True,arxiv cs lg,True,0.16491854,0.13811053,0.017554853,-30.829952,5.560992,3.5692124
5020,2971914473,arxiv cs ds,arxiv cs ds,True,arxiv cs ds,True,0.11972642,0.3553325,0.1310732,-23.339748,15.565955,0.4438435
5021,2971930305,arxiv cs cv,arxiv cs cv,True,arxiv cs cv,True,-0.4400636,0.030111685,0.051949628,-2.7708943,-16.59888,9.881397
5022,2971996515,arxiv cs it,arxiv cs it,True,arxiv cs it,True,-0.04572457,0.58810985,0.10108918,-6.9114223,28.542854,4.2170897
5023,2971998163,arxiv cs ir,arxiv cs lg,False,arxiv cs lg,False,0.105538666,-0.7307451,0.046261963,32.006348,9.654793,-9.088268
5024,2972049650,arxiv cs cv,arxiv cs cv,True,arxiv cs cv,True,-0.42883724,0.1746356,-0.14219728,4.2284303,-22.870466,23.305956
5025,2972087874,arxiv cs ms,arxiv cs ai,False,arxiv cs ai,False,0.5353348,0.35191244,0.3573101,1.6276809,24.022827,6.0118585
5026,2972143365,arxiv cs cv,arxiv cs cv,True,arxiv cs cv,True,0.24979854,-0.34919804,-0.06958633,14.641322,-2.5181549,-15.202398
5027,2972223556,arxiv cs cl,arxiv cs cl,True,arxiv cs cl,True,-0.110225916,-0.5535616,-0.01800374,21.333729,-12.237094,-11.350102
5028,2972234282,arxiv cs lg,arxiv cs lg,True,arxiv cs lg,True,0.3793218,-0.075972065,0.18401968,8.8059435,25.020588,-0.58762777
5029,2972252086,arxiv cs lg,arxiv cs cv,False,arxiv cs cv,False,-0.27058834,-0.1128339,0.06340633,10.966927,-13.0715,3.1650276
5030,2972269197,arxiv cs lg,arxiv cs lg,True,arxiv cs lg,True,0.22053283,0.005850464,-0.13280433,-3.0437605,-3.0020075,3.7638595
5031,2972350723,arxiv cs fl,arxiv cs lo,False,arxiv cs lo,False,0.02561009,0.2370111,0.3347286,6.9996505,30.01259,-1.0178257
5032,2972435282,arxiv cs cv,arxiv cs cv,True,arxiv cs cv,True,0.06774384,0.045238838,-0.28780362,18.490574,1.601958,15.624555
5033,2972437349,arxiv cs cl,arxiv cs cl,True,arxiv cs cl,True,-0.0687536,-0.32414305,0.17696187,15.547222,-4.306299,-19.560963
5034,2972442298,arxiv cs hc,arxiv cs si,False,arxiv cs ai,False,-0.3113505,-0.06844187,-0.07657952,-5.6333776,-11.7240305,7.2809186
5035,2972470287,arxiv cs lg,arxiv cs lg,True,arxiv cs lg,True,0.521124,-0.25345594,0.21566316,7.5542364,22.11509,-2.4370673
5036,2972500051,arxiv cs cv,arxiv cs cv,True,arxiv cs cv,True,-0.71792203,-0.16560219,0.30345064,0.27026534,-15.020079,-28.743673
5037,2972672017,arxiv cs lg,arxiv cs cv,False,arxiv cs lg,True,-0.12525076,0.20787281,0.2949273,-25.591036,-6.77838,7.6786485
5038,2972763405,arxiv cs cv,arxiv cs cv,True,arxiv cs cv,True,-0.346148,0.03298962,-0.2731288,-3.825579,-18.075333,4.441283
5039,2972768285,arxiv cs lg,arxiv cs ai,False,arxiv cs lg,True,-0.36290026,-0.23663618,0.39706516,-3.2425199,-11.337528,-14.796037
5040,2973126028,arxiv cs cv,arxiv cs cv,True,arxiv cs cv,True,0.5481702,-0.4863698,0.13425091,20.694132,10.668183,-16.335835
5041,2973179125,arxiv cs dc,arxiv cs dc,True,arxiv cs dc,True,0.27601945,0.011954501,-0.08075384,-13.667881,12.938532,-14.877304
5042,2973298070,arxiv cs it,arxiv cs it,True,arxiv cs it,True,-0.10457349,0.30392677,-0.5806468,-13.80397,20.577019,-12.242717
5043,2973617001,arxiv cs it,arxiv cs ni,False,arxiv cs ni,False,-0.20885473,0.32996544,-0.2701238,-16.8831,19.255257,-18.915575
5044,2973718368,arxiv cs lg,arxiv cs cv,False,arxiv cs cv,False,0.2753985,0.2563045,-0.041930422,-20.565693,1.9080727,-4.730416
5045,2973786905,arxiv cs ne,arxiv cs lg,False,arxiv cs cv,False,-0.25895834,0.0058371276,0.012717932,-10.758661,-11.027223,8.530478
5046,2973886134,arxiv cs lg,arxiv cs lg,True,arxiv cs lg,True,-0.11547023,0.056492865,-0.1498529,-14.687214,-23.967665,19.371752
5047,2973973640,arxiv cs ro,arxiv cs cv,False,arxiv cs cv,False,-0.14666992,-0.18767793,0.059739236,31.877638,-9.109321,0.020250453
5048,2974324652,arxiv cs lg,arxiv cs cv,False,arxiv cs lg,True,0.733443,-0.24882562,-0.1781899,7.977625,17.455366,-1.4236592
5049,2974343002,arxiv cs cv,arxiv cs cv,True,arxiv cs cv,True,-0.37279922,-0.08839019,-0.4411558,0.047546323,-8.662547,12.738511
5050,2974494162,arxiv cs ne,arxiv cs cv,False,arxiv cs lg,False,0.22539186,-0.024708807,-0.10003454,4.154902,9.167844,-10.676612
5051,2974705243,arxiv cs cv,arxiv cs cv,True,arxiv cs cv,True,0.4517815,0.029286668,-0.28145844,-14.876844,8.19777,4.6539474
5052,2974829202,arxiv cs cr,arxiv cs cr,True,arxiv cs cr,True,-0.16219169,0.10375571,-0.23452055,-16.333052,-4.483486,-18.069227
5053,2974904219,arxiv cs cl,arxiv cs cl,True,arxiv cs cl,True,-0.31790137,-0.07087414,0.081837624,2.4996374,-12.377673,5.70485
5054,2974912362,arxiv cs lg,arxiv cs lg,True,arxiv cs lg,True,0.88481355,-0.5688393,-0.003733486,10.081284,19.199734,-5.662629
5055,2975123463,arxiv cs cr,arxiv cs si,False,arxiv cs si,False,-0.0655607,-0.26221746,-0.025876999,-1.3289112,-2.9784727,-13.038494
5056,2975266523,arxiv cs lg,arxiv cs lg,True,arxiv cs lg,True,-0.087357044,0.53588223,0.35911483,-7.0532722,10.660203,23.57382
5057,2975525902,arxiv cs cl,arxiv cs cl,True,arxiv cs cl,True,-0.07269329,-0.48642224,-0.017722249,23.237953,-9.713905,-20.883455
5058,2975783258,arxiv cs lg,arxiv cs cv,False,arxiv cs cv,False,-0.37166044,-0.071874514,-0.23524448,3.4409583,-14.154809,2.4719992
5059,2976106086,arxiv cs cl,arxiv cs cl,True,arxiv cs cl,True,-0.23997432,-0.19648664,0.06817099,9.420088,-10.678466,-18.037983
5060,2976117447,arxiv cs lg,arxiv cs lg,True,arxiv cs lg,True,0.69611585,0.28949812,0.042609207,-19.141386,17.598066,6.9934826
5061,2976479199,arxiv cs lg,arxiv cs ni,False,arxiv cs it,False,0.1311096,0.18846832,-0.123885535,18.522741,17.700983,15.92568
5062,2976675450,arxiv cs lg,arxiv cs cv,False,arxiv cs cv,False,-0.31994173,0.009593621,0.2601403,-13.259239,-15.835829,3.7221844
5063,2977311057,arxiv cs cl,arxiv cs cv,False,arxiv cs cv,False,0.5525117,-0.3349291,-0.105809875,17.97175,4.6901827,-16.476812
5064,2977464035,arxiv cs ne,arxiv cs lg,False,arxiv cs cv,False,0.5669408,-0.16617651,-0.20161122,3.9785678,15.2738285,-17.37923
5065,2977641409,arxiv cs lo,arxiv cs lo,True,arxiv cs lo,True,0.34764314,0.5614994,0.76253414,3.7646775,22.10791,24.36219
5066,2979599767,arxiv cs cl,arxiv cs cl,True,arxiv cs cl,True,-0.2676227,-0.74172807,0.3231436,15.91445,-15.478462,-10.798757
5067,2979649268,arxiv cs lg,arxiv cs lg,True,arxiv cs lg,True,0.46299326,0.39909714,0.13351217,-29.09353,9.637715,5.233669
5068,2979807309,arxiv cs cr,arxiv cs dc,False,arxiv cs dc,False,-0.58145136,0.3572475,-0.18986538,-2.786518,-27.707472,11.985117
5069,2979892629,arxiv cs ir,arxiv cs lg,False,arxiv cs lg,False,-0.044330537,0.12731919,-0.018598065,-12.418642,2.1850526,-6.20264
5070,2980109654,arxiv cs lg,arxiv cs cl,False,arxiv cs cl,False,0.3257321,-1.0471507,0.32341334,30.607224,-7.3386817,-7.612973
5071,2980123172,arxiv cs cl,arxiv cs cl,True,arxiv cs cl,True,-0.23563945,-0.5628184,0.25426322,19.11479,-12.309245,-10.655456
5072,2980182114,arxiv cs cv,arxiv cs cv,True,arxiv cs cv,True,-0.20169699,-0.25591588,0.054546144,8.1845455,-11.29697,-7.752003
5073,2980375473,arxiv cs cr,arxiv cs cr,True,arxiv cs cr,True,-0.0011472106,-0.27317566,-0.21696168,-15.922527,11.931065,-18.398388
5074,2980387133,arxiv cs cv,arxiv cs cv,True,arxiv cs cv,True,0.20659304,-0.05540587,-0.22931531,12.418989,1.068288,10.204755
5075,2980726270,arxiv cs cl,arxiv cs cv,False,arxiv cs cv,False,-0.32687575,-0.74217147,0.3498024,11.675226,-13.446912,-18.812029
5076,2980794631,arxiv cs lg,arxiv cs lg,True,arxiv cs ai,False,0.21031046,-0.12829728,-0.27429077,0.4719629,3.420551,-1.6637783
5077,2980939785,arxiv cs cv,arxiv cs cv,True,arxiv cs cv,True,-0.07976693,-0.08567579,-0.12325097,2.778722,-9.872494,6.548526
5078,2980996020,arxiv cs lg,arxiv cs cv,False,arxiv cs lg,True,-0.12980825,-0.00993976,-0.18960077,-13.60581,-17.919537,18.89941
5079,2981030070,arxiv cs lg,arxiv cs lg,True,arxiv cs lg,True,-0.03171152,0.040810898,0.11260158,2.7288182,-6.962158,-2.0373633
5080,2981206218,arxiv cs lg,arxiv cs lg,True,arxiv cs lg,True,0.13406652,0.34047517,-0.23088461,-8.659272,9.260836,6.1286407
5081,2981365000,arxiv cs dl,arxiv cs dl,True,arxiv cs dl,True,-0.8583547,0.10582513,0.11429452,-1.7015475,-22.401329,-12.525632
5082,2981382427,arxiv cs lg,arxiv cs lg,True,arxiv cs lg,True,0.45108712,0.8003903,0.2769557,-17.803658,17.867247,21.804619
5083,2981436759,arxiv cs si,arxiv cs si,True,arxiv cs lg,False,0.025737822,0.20623742,0.17443517,-17.31629,-4.599081,16.066599
5084,2981458089,arxiv cs mm,arxiv cs cv,False,arxiv cs cl,False,-0.3256711,-0.2858892,0.041556813,10.931651,-11.42182,-1.6656092
5085,2981601849,arxiv cs ro,arxiv cs cv,False,arxiv cs cv,False,-0.18445683,-0.26825905,0.03044865,6.3314543,-4.448498,-5.0539284
5086,2981695529,arxiv cs ni,arxiv cs ni,True,arxiv cs ni,True,0.43137264,0.46856242,-0.48306316,-13.295378,22.26428,-9.0878
5087,2981712791,arxiv cs cv,arxiv cs cv,True,arxiv cs cv,True,0.35714328,-0.8248737,-0.15137628,13.890197,4.3820453,-4.9305034
5088,2982171114,arxiv cs it,arxiv cs it,True,arxiv cs it,True,-0.020181656,0.5516213,0.24549419,-8.754862,16.207342,23.652205
5089,2982267989,arxiv cs it,arxiv cs ni,False,arxiv cs ni,False,-0.587563,0.10712869,0.18551171,-6.625628,-11.293779,-21.236288
5090,2982304810,arxiv cs ds,arxiv cs ds,True,arxiv cs ds,True,-0.03550577,0.35652155,0.02519583,-3.8557389,12.777257,18.189686
5091,2982323300,arxiv cs cr,arxiv cs cv,False,arxiv cs cv,False,0.19765049,0.0461445,-0.1742096,-27.463835,-5.717982,-0.57610095
5092,2982341934,arxiv cs ai,arxiv cs lg,False,arxiv cs lg,False,-0.08030915,-0.11605771,-0.2061317,-1.934108,5.849306,6.0061865
5093,2982548591,arxiv cs lg,arxiv cs ai,False,arxiv cs ai,False,-0.44481057,-0.015718296,0.5563408,1.4430449,-22.264969,-27.660023
5094,2982550085,arxiv cs lo,arxiv cs lo,True,arxiv cs ai,False,-0.13045675,0.198189,0.25263503,-25.818863,12.339118,11.524356
5095,2982558732,arxiv cs cl,arxiv cs cv,False,arxiv cs cv,False,0.22481978,-0.89248085,0.15391415,24.775303,8.713865,-0.5375917
5096,2982563921,arxiv cs lg,arxiv cs lg,True,arxiv cs lg,True,0.89563537,0.28834644,0.36933804,-3.2647374,11.311114,-27.989895
5097,2982634085,arxiv cs lg,arxiv cs lg,True,arxiv cs lg,True,-0.11180729,0.49397886,0.08117381,-5.7697554,10.714827,16.817268
5098,2982662204,arxiv cs lg,arxiv cs cv,False,arxiv cs lg,True,-0.18849897,-0.63430625,0.4004497,8.200405,1.1090095,-21.145288
5099,2982976156,arxiv cs cv,arxiv cs cv,True,arxiv cs cv,True,0.21277624,-0.45233905,-0.16866511,12.889667,6.0267687,-4.130587
5100,2985458415,arxiv cs lg,arxiv cs lg,True,arxiv cs lg,True,0.14835167,0.08241698,0.21661198,-15.730856,0.43245098,15.4803915
5101,2986197551,arxiv cs cv,arxiv cs cv,True,arxiv cs cv,True,0.39199698,-0.28560162,-0.2822362,11.81933,5.3539762,9.603736
5102,2986262372,arxiv cs cl,arxiv cs cl,True,arxiv cs cl,True,-0.26668835,-0.59983754,0.09591581,12.236279,-14.832252,-7.452232
5103,2986670164,arxiv cs cl,arxiv cs cl,True,arxiv cs cl,True,-1.1934946,0.34398156,0.22787899,7.1453648,-24.540855,12.362498
5104,2987167895,arxiv cs cl,arxiv cs ai,False,arxiv cs ai,False,-0.2563948,0.15333252,0.23199418,23.270012,-16.996384,6.890356
5105,2988098127,arxiv cs it,arxiv cs ni,False,arxiv cs it,True,-0.20688564,-0.15638651,-0.17511699,-7.2923408,-4.3411045,-5.282692
5106,2988348076,arxiv cs cl,arxiv cs cv,False,arxiv cs cv,False,0.28209984,-0.17292078,0.39644632,20.970655,1.1104318,-10.896553
5107,2989430627,arxiv cs it,arxiv cs it,True,arxiv cs it,True,0.010878801,0.30921888,-0.08331049,-3.634615,26.212765,0.49560416
5108,2989593485,arxiv cs cl,arxiv cs cl,True,arxiv cs cl,True,-0.57797277,-0.022169754,0.22778928,-1.6853621,-12.289362,-26.901667
5109,2989825531,arxiv cs cv,arxiv cs cv,True,arxiv cs cv,True,-0.19516987,0.06994024,0.1291331,-0.56231797,1.1996763,-29.752132
5110,2990147108,arxiv cs lg,arxiv cs lg,True,arxiv cs lg,True,0.56556964,0.07474069,0.2455388,7.1948724,26.750874,3.7453568
5111,2990425562,arxiv cs cc,arxiv cs gt,False,arxiv cs ds,False,0.2396313,0.5638278,0.12901238,-2.0834043,21.910545,17.47606
5112,2990485036,arxiv cs ai,arxiv cs cl,False,arxiv cs cl,False,-0.32647568,-0.62260187,0.22016665,14.725286,-7.3797,-12.374906
5113,2990554372,arxiv cs cr,arxiv cs cr,True,arxiv cs cr,True,-0.5079156,0.2185059,0.012025427,5.1075163,-23.07644,14.59624
5114,2990567378,arxiv cs cl,arxiv cs cv,False,arxiv cs cv,False,0.64459705,-0.2092311,0.2604503,20.131203,16.058249,5.15747
5115,2990691374,arxiv cs ma,arxiv cs sy,False,arxiv cs sy,False,-0.16070718,0.19940318,-0.20864674,-2.5633366,2.8147767,-9.899407
5116,2990768121,arxiv cs cv,arxiv cs cv,True,arxiv cs cv,True,-0.38502505,-0.38046187,-0.020353086,6.1633444,-9.730052,-22.602978
5117,2990778677,arxiv cs cv,arxiv cs cv,True,arxiv cs cv,True,0.15303332,-0.008714527,-0.5863449,5.6489487,3.2171977,4.6771564
5118,2990882846,arxiv cs cv,arxiv cs cv,True,arxiv cs cv,True,0.30743897,-0.17266418,0.22469759,29.174599,17.446012,4.0119557
5119,2990890573,arxiv cs gt,arxiv cs gt,True,arxiv cs gt,True,-0.36185485,-0.1492614,0.47379953,-17.777517,-14.097917,-22.841265
5120,2990905340,arxiv cs cv,arxiv cs cv,True,arxiv cs cv,True,-0.077095985,-0.52253073,0.16338173,15.386744,-4.6547084,-13.369476
5121,2990917231,arxiv cs cv,arxiv cs cv,True,arxiv cs cv,True,0.053309977,-0.18308191,-0.23549205,14.10479,-14.446076,11.376213
5122,2991125814,arxiv cs ni,arxiv cs it,False,arxiv cs it,False,-0.03930658,0.30158868,-0.43784952,-9.995333,20.096832,-9.412269
5123,2991389044,arxiv cs cv,arxiv cs cv,True,arxiv cs cv,True,-0.24949718,-0.11618127,-0.028567635,11.442962,-5.1502748,6.211591
5124,2991416037,arxiv cs ro,arxiv cs cv,False,arxiv cs cv,False,-0.1453383,0.016483516,-0.17738289,8.909905,-5.4882183,-1.7083893
5125,2991587282,arxiv cs cv,arxiv cs cv,True,arxiv cs cv,True,-0.11825889,-0.06557408,-0.20027322,-5.933107,-4.180832,6.7817917
5126,2991669605,arxiv cs lg,arxiv cs cv,False,arxiv cs cv,False,0.7140387,0.08646883,-0.18829021,-3.3469503,17.51349,0.51009643
5127,2992341864,arxiv cs cv,arxiv cs cv,True,arxiv cs cv,True,-0.13209832,-0.3797242,-0.014606684,20.233145,-5.3474684,0.18283418
5128,2992449604,arxiv cs ne,arxiv cs lg,False,arxiv cs lg,False,-0.063191056,-0.09248634,0.1857128,-18.378305,-9.255888,0.47397292
5129,2993689312,arxiv cs cv,arxiv cs cv,True,arxiv cs cv,True,0.0392645,0.072183065,0.020162776,13.982432,-0.73953694,-16.119143
5130,2994235803,arxiv cs dc,arxiv cs cr,False,arxiv cs cr,False,-0.58600116,-0.20174836,0.06974882,-1.0414866,-17.350122,-12.215553
5131,2994268455,arxiv cs cv,arxiv cs cv,True,arxiv cs cv,True,0.28854072,-0.65607476,-0.0068492517,24.99272,8.630103,-11.417813
5132,2994696451,arxiv cs cv,arxiv cs cv,True,arxiv cs cv,True,-0.16680008,-0.0045577735,-0.19795126,2.1745367,-6.575979,6.992878
5133,2994811820,arxiv cs lg,arxiv cs lg,True,arxiv cs ai,False,0.032728612,0.3903756,0.2512642,-23.882511,13.54667,10.577439
5134,2995334918,arxiv cs si,arxiv cs lg,False,arxiv cs lg,False,-0.14782315,0.09796996,0.08997311,-9.799775,-14.253355,1.1184835
5135,2995699167,arxiv cs cr,arxiv cs se,False,arxiv cs se,False,-0.27423358,-0.3069952,-0.36222667,-17.195124,-8.133077,-9.10719
5136,2995766874,arxiv cs cv,arxiv cs cv,True,arxiv cs cv,True,0.08102822,-0.08863987,-0.44382346,5.8331375,-4.1128373,21.78296
5137,2996078716,arxiv cs ir,arxiv cs cl,False,arxiv cs cv,False,0.4128381,-0.18199165,0.3454183,15.969353,14.734765,-6.0143433
5138,2996375669,arxiv cs cv,arxiv cs cv,True,arxiv cs cv,True,0.6306597,-0.2152295,-0.51471794,-2.4984515,15.553151,-9.219089
5139,2996539502,arxiv cs cv,arxiv cs cv,True,arxiv cs cv,True,0.057144225,-0.080077305,0.0049248524,-4.7964067,5.0609045,-26.169483
5140,2996629713,arxiv cs cv,arxiv cs cv,True,arxiv cs cv,True,-0.38352984,-0.01693295,-0.16670164,-7.1780663,-19.951187,23.32479
5141,2996739895,arxiv cs it,arxiv cs it,True,arxiv cs it,True,-0.24373865,0.035737738,-0.18521136,-11.675325,1.3977637,-17.23967
5142,2996787524,arxiv cs it,arxiv cs it,True,arxiv cs it,True,0.2227329,-0.018993407,-0.22974136,-5.770046,26.02214,-11.540717
5143,2997119223,arxiv cs cv,arxiv cs cv,True,arxiv cs cv,True,0.83561516,0.05506374,-0.49615055,-0.59928226,14.28684,-12.691552
5144,2997224115,arxiv cs ir,arxiv cs cl,False,arxiv cs cl,False,-0.37459132,-0.7212637,0.1793822,-1.4184799,-30.308815,-16.749866
5145,2997263211,arxiv cs lg,arxiv cs lg,True,arxiv cs it,False,0.19284284,-0.0017997772,0.109387085,12.797759,12.155233,7.0420265
5146,2997477913,arxiv cs ni,arxiv cs ni,True,arxiv cs ni,True,-0.07250041,0.31890363,-0.40644816,-16.797907,16.616186,-8.914297
5147,2997855811,arxiv cs cv,arxiv cs cv,True,arxiv cs cv,True,-0.18122149,0.21846616,-0.1709145,-9.401766,-13.378299,12.873324
5148,2998300368,arxiv cs ms,arxiv cs ds,False,arxiv cs lg,False,-0.5972441,0.2581234,0.08627552,-3.8028216,-25.416782,4.9806027
5149,2998915709,arxiv cs lg,arxiv cs lg,True,arxiv cs lg,True,0.014380574,-0.22537489,-0.10918117,-6.654508,-2.4831424,1.1262912
5150,2999781618,arxiv cs it,arxiv cs it,True,arxiv cs it,True,-0.10724765,0.21598393,-0.2268076,-8.121912,30.786854,0.12986928
5151,3000689925,arxiv cs lg,arxiv cs cv,False,arxiv cs cv,False,0.90804267,-0.11787529,0.16584104,12.231007,13.067159,-22.009102
5152,3000726408,arxiv cs cv,arxiv cs cv,True,arxiv cs cv,True,-0.057112038,-0.19407319,-0.307086,-7.956259,0.69984686,-10.796022
5153,3002007568,arxiv cs cl,arxiv cs cl,True,arxiv cs cl,True,0.19362414,-0.8254075,0.49951366,25.37002,1.7127464,-4.9729924
5154,3003576934,arxiv cs cv,arxiv cs cv,True,arxiv cs cv,True,0.29700327,-0.7290376,-0.27119514,15.6866045,1.4414186,2.9503937
5155,3003744005,arxiv cs it,arxiv cs ni,False,arxiv cs it,True,-0.3715975,0.074737914,0.01663236,-16.169703,-19.7699,-14.120494
5156,3003982180,arxiv cs lg,arxiv cs ai,False,arxiv cs lg,True,-0.4720591,0.13933533,-0.03428875,-9.211544,-28.704182,-3.920546
5157,3004112040,arxiv cs cl,arxiv cs cl,True,arxiv cs cl,True,-0.34988976,-0.31886876,0.3779481,-3.0946774,-5.9699497,-23.086645
5158,3004385696,arxiv cs cy,arxiv cs cl,False,arxiv cs cl,False,-0.45871413,-0.12858649,0.020156633,16.73194,-16.64746,-5.018296
5159,3004704245,arxiv cs lg,arxiv cs lg,True,arxiv cs lg,True,0.31970048,-0.36520487,0.2628763,20.003714,12.428992,-7.559009
5160,3004882881,arxiv cs lg,arxiv cs lg,True,arxiv cs lg,True,-0.20673817,0.01824534,0.7283171,-5.0461726,-21.854687,-28.691378
5161,3005116340,arxiv cs cr,arxiv cs cr,True,arxiv cs cr,True,-0.15202427,-0.17772622,-0.08864667,-19.101484,-11.779574,-10.879045
5162,3005471842,arxiv cs lg,arxiv cs lg,True,arxiv cs lg,True,0.68867743,0.40537614,0.22551042,-12.75667,25.591862,4.570232
5163,3005507986,arxiv cs cv,arxiv cs cv,True,arxiv cs cv,True,0.5209173,0.15955336,0.13896139,12.146953,9.482845,3.8140574
5164,3005680577,arxiv cs lg,arxiv cs cv,False,arxiv cs cv,False,-0.14305234,-0.45554757,0.12985456,11.012552,-4.823254,-11.274267
5165,3005740173,arxiv cs it,arxiv cs it,True,arxiv cs it,True,0.35255897,0.41212553,-0.6489651,-10.92364,28.655102,-15.225307
5166,3005888089,arxiv cs ai,arxiv cs lg,False,arxiv cs lg,False,0.15930086,-0.109251395,-0.06951227,-0.25877523,-1.9848369,-3.6972082
5167,3006108364,arxiv cs sd,arxiv cs cl,False,arxiv cs cl,False,0.15868366,-0.5578006,0.14941397,18.864178,3.1282291,-14.791744
5168,3006299137,arxiv cs cc,arxiv cs cc,True,arxiv cs cc,True,1.0422169,1.0193243,1.1850935,-2.7163062,24.768362,23.20213
5169,3006317386,arxiv cs lg,arxiv cs gt,False,arxiv cs ai,False,-0.81308645,0.34860474,0.07426181,-4.518353,-13.962088,-22.650654
5170,3006322493,arxiv cs lg,arxiv cs lg,True,arxiv cs cv,False,0.46564817,0.23527366,0.13167411,-7.6151786,15.02766,7.2623544
5171,3006422073,arxiv cs cy,arxiv cs ai,False,arxiv cs ai,False,-0.7397815,0.17792238,-0.10665985,1.9925933,-24.231047,6.29632
5172,3006513945,arxiv cs it,arxiv cs it,True,arxiv cs it,True,0.25606704,0.15648153,-0.55537164,-10.614633,28.338802,-17.052063
5173,3006595562,arxiv cs cl,arxiv cs cl,True,arxiv cs cl,True,-0.22837478,-0.059909433,-0.066518836,3.4574714,-5.0055127,-20.638914
5174,3006668460,arxiv cs ro,arxiv cs cv,False,arxiv cs cv,False,-0.34282166,-0.32062948,0.12944815,12.35208,-13.511734,4.3886895
5175,3007097769,arxiv cs db,arxiv cs cv,False,arxiv cs cv,False,0.15032738,-0.72981507,-1.0386962,26.86851,1.7517271,8.374978
5176,3007101721,arxiv cs hc,arxiv cs ai,False,arxiv cs lg,False,-0.2739957,-0.28879243,-0.24298868,-8.736328,-1.6386979,-8.942878
5177,3007451461,arxiv cs cr,arxiv cs cv,False,arxiv cs cv,False,0.44939804,-0.014990315,-0.34032735,-4.432656,8.514771,-12.267176
5178,3007537746,arxiv cs lg,arxiv cs lg,True,arxiv cs lg,True,-0.12177467,0.099663235,0.0683806,0.17315297,-6.153357,-12.41203
5179,3007595664,arxiv cs ai,arxiv cs ai,True,arxiv cs ai,True,-0.17952919,-0.039500937,0.6491621,0.55985,7.0110497,35.33174
5180,3007834189,arxiv cs lg,arxiv cs lg,True,arxiv cs lg,True,0.5116955,0.33746785,0.47689453,-5.795396,27.70893,21.377863
5181,3008090929,arxiv cs lg,arxiv cs si,False,arxiv cs si,False,-0.51241565,0.21803702,-0.20221436,-11.147209,-23.58404,-0.12411203
5182,3008110149,arxiv cs cl,arxiv cs cl,True,arxiv cs cl,True,-0.05977112,-0.38799566,0.07223119,23.371016,-7.9010143,-15.089471
5183,3008297058,arxiv cs lg,arxiv cs lg,True,arxiv cs lg,True,-0.38946638,0.4500273,-0.025657013,-14.0215845,1.3842307,30.716763
5184,3008343845,arxiv cs cl,arxiv cs cl,True,arxiv cs cl,True,0.994087,-0.43451655,0.41107666,14.381752,18.203533,-3.541332
5185,3008596333,arxiv cs si,arxiv cs cl,False,arxiv cs cl,False,0.10107833,-0.31130594,-0.089615606,-6.0183783,4.8842936,-3.7985854
5186,3008768558,arxiv cs cv,arxiv cs cv,True,arxiv cs cv,True,-0.2820724,0.1913802,-0.0027484894,2.3245037,-13.684072,11.203806
5187,3009759658,arxiv cs lg,arxiv cs cv,False,arxiv cs cv,False,-0.4724433,7.432699e-05,0.07313745,-7.2230678,-11.876396,-23.573236
5188,3010079727,arxiv cs lg,arxiv cs cv,False,arxiv cs cv,False,0.021895945,-0.06956966,-0.020141609,-5.7144356,1.4734612,2.3886573
5189,3010153900,arxiv cs it,arxiv cs cv,False,arxiv cs cv,False,0.41597176,-0.27742833,-0.03758791,11.23148,13.0636,-8.351626
5190,3010216907,arxiv cs cr,arxiv cs lg,False,arxiv cs lg,False,0.05775845,-0.26249248,-0.047009453,-28.027939,-11.473671,6.6927156
5191,3010590523,arxiv cs cr,arxiv cs cv,False,arxiv cs cv,False,-0.12399542,0.1614942,-0.22000298,-25.899937,-7.6129146,11.250909
5192,3010611153,arxiv cs cv,arxiv cs cv,True,arxiv cs cv,True,0.53965044,-0.3882326,0.11654623,14.233545,12.2907715,-21.374296
5193,3010649878,arxiv cs cl,arxiv cs cl,True,arxiv cs cl,True,-0.10868734,-0.44676328,-0.17482919,4.847039,3.5785584,-13.463236
5194,3011013751,arxiv cs se,arxiv cs cl,False,arxiv cs cl,False,0.13350862,-0.004220128,0.3255771,19.276848,15.079659,22.253035
5195,3011063075,arxiv cs lg,arxiv cs cv,False,arxiv cs cv,False,0.39561856,0.56081027,0.3405812,-8.9402,13.408697,11.987814
5196,3011199263,arxiv cs cv,arxiv cs cv,True,arxiv cs cv,True,-0.10071492,-0.10565759,-0.22166449,17.343904,-0.47809982,13.412004
5197,3011262772,arxiv cs cv,arxiv cs cv,True,arxiv cs cv,True,0.32185745,-0.28806037,-0.2738674,13.411033,3.5538924,7.7161117
5198,3011764417,arxiv cs ni,arxiv cs ni,True,arxiv cs ni,True,0.044142246,-0.09346031,-0.5928956,-5.6337514,22.901901,-15.548482
5199,3012252990,arxiv cs cv,arxiv cs cv,True,arxiv cs cv,True,-0.21391827,0.1340853,-0.15372875,7.494041,-15.783012,9.6168375
5453,2295625793,arxiv cs cl,arxiv cs cl,True,arxiv cs cl,True,0.092072904,-0.6617547,0.76051056,21.719923,-19.032757,-7.497642
5718,2797481382,arxiv cs cr,arxiv cs cr,True,arxiv cs cr,True,-0.32999596,-0.21404351,-0.24867165,-18.136776,-4.7909117,-14.771257
5771,2880214242,arxiv cs lg,arxiv cs lg,True,arxiv cs lg,True,0.25576138,-0.3219251,-0.04987447,9.079822,11.398478,-8.88904
5782,2887691119,arxiv cs cv,arxiv cs cv,True,arxiv cs cv,True,0.5767082,0.020324782,-0.2795077,-0.829057,11.227139,-14.31502
5788,2889225717,arxiv cs ni,arxiv cs ni,True,arxiv cs ni,True,-0.68310994,0.17693846,0.004065305,-2.5659697,-23.073444,7.9597497
5789,2890377224,arxiv cs ro,arxiv cs cv,False,arxiv cs cv,False,0.26636493,-0.25166535,-0.27534398,6.6281996,12.155136,-0.988026
5791,2891618338,arxiv cs cr,arxiv cs cr,True,arxiv cs cr,True,-0.22670346,-0.06757641,0.25505984,-16.641228,-11.36951,-18.456596
5816,2898925204,arxiv cs ni,arxiv cs it,False,arxiv cs it,False,-0.23112589,0.110517345,-0.50424796,-8.858141,21.740665,-12.207977
5827,2901633833,arxiv cs cv,arxiv cs cv,True,arxiv cs ro,False,-0.10709059,0.0819181,-0.4131323,8.118104,-6.253043,10.208872
5844,2906918961,arxiv cs it,arxiv cs it,True,arxiv cs lg,False,-0.46223962,0.28808564,0.37017667,-4.270657,8.834545,32.821762
5848,2907846414,arxiv cs cv,arxiv cs cv,True,arxiv cs cv,True,0.4812101,0.13963123,-0.26027638,5.8657513,12.231827,7.857263
5849,2908188493,arxiv cs cv,arxiv cs cv,True,arxiv cs cv,True,-0.05558908,-0.3336683,-0.09613333,9.357206,-36.501114,0.022329899
5850,2908450434,arxiv cs ne,arxiv cs cv,False,arxiv cs cv,False,0.088157415,0.06675173,-0.33008534,-13.95427,13.422817,-3.3769195
5851,2909179635,arxiv cs sy,arxiv cs sy,True,arxiv cs lg,False,-0.11189413,0.47371107,-0.10086826,-9.895069,6.0500917,8.865669
5852,2909516088,arxiv cs mm,arxiv cs cv,False,arxiv cs cv,False,0.50865257,-0.71644557,-0.23802975,29.971024,6.2877483,0.612561
5853,2909549633,arxiv cs cr,arxiv cs cr,True,arxiv cs cr,True,-0.73346746,-0.121987656,-0.0075367168,-4.9953194,-16.107038,-13.622548
5854,2909741332,arxiv cs lg,arxiv cs lg,True,arxiv cs cv,False,-0.6341444,0.38244906,-0.04087396,4.117331,-24.934637,12.44603
5855,2909837330,arxiv cs dc,arxiv cs lg,False,arxiv cs lg,False,0.15104866,0.13695094,-0.13978183,0.83826745,4.29588,3.1774776
5856,2911183838,arxiv cs it,arxiv cs it,True,arxiv cs it,True,-0.39737028,0.0036241263,-0.083560385,-0.79883313,-9.137419,-8.994821
5857,2911550516,arxiv cs se,arxiv cs cl,False,arxiv cs cl,False,0.07871765,-0.3055817,-0.062045477,-7.5476203,-3.845585,-17.713963
5858,2911606395,arxiv cs cv,arxiv cs cv,True,arxiv cs cv,True,0.55339944,0.12316601,0.42197952,7.3380303,27.300243,6.0148826
5859,2911840207,arxiv cs cv,arxiv cs cv,True,arxiv cs cv,True,-0.493857,0.021128595,-0.22681585,-0.5477118,-12.113283,11.688347
5860,2911921667,arxiv cs ro,arxiv cs ai,False,arxiv cs ai,False,-0.8005418,0.062343642,0.5388195,-2.389789,-17.15896,-23.127953
5861,2912129510,arxiv cs hc,arxiv cs cl,False,arxiv cs cv,False,-0.2212584,-0.19232808,-0.04969018,16.218542,-13.874455,-2.3327372
5862,2912365261,arxiv cs cv,arxiv cs cv,True,arxiv cs cv,True,-0.045950532,0.039994687,-0.17808715,0.15944292,-2.7308521,5.6614656
5863,2912410714,arxiv cs ne,arxiv cs ds,False,arxiv cs ds,False,-0.13447791,0.42297593,0.13675094,-4.7883844,8.972684,19.843065
5865,2912795128,arxiv cs lg,arxiv cs cl,False,arxiv cs cv,False,-0.30480656,0.09802619,0.2401514,-5.3115406,-2.510629,-25.01769
5866,2912855321,arxiv cs lg,arxiv cs lg,True,arxiv cs lg,True,0.5725988,-0.04741004,0.28293958,11.984193,24.942099,-6.7082405
5867,2912937857,arxiv cs ai,arxiv cs cl,False,arxiv cs cl,False,-0.5469525,-0.37370497,0.20993787,4.9529114,-19.021017,-10.742613
5868,2913172787,arxiv cs cv,arxiv cs cv,True,arxiv cs cv,True,-0.16879773,-0.015263125,-0.010992616,-12.669953,-23.748177,17.794918
5869,2913787130,arxiv cs cc,arxiv cs ds,False,arxiv cs ds,False,0.4237659,0.52508855,0.618488,3.561005,23.80088,16.86061
5870,2913914508,arxiv cs sd,arxiv cs cv,False,arxiv cs cv,False,0.24787259,-0.036391035,-0.13962874,13.94219,-3.3308496,9.40887
5871,2913968390,arxiv cs ir,arxiv cs si,False,arxiv cs si,False,-0.30480796,-0.12172432,0.0745097,-11.458645,-24.894714,-12.364941
5872,2914082095,arxiv cs it,arxiv cs cr,False,arxiv cs it,True,-0.40736684,-0.042104825,-0.03928253,-14.4228325,-18.769918,-19.063053
5873,2914196460,arxiv cs lg,arxiv cs lg,True,arxiv cs lg,True,0.0870105,-0.07449393,0.108747035,-18.637682,3.5053596,7.071787
5874,2914283047,arxiv cs ro,arxiv cs ro,True,arxiv cs cv,False,-0.3800044,-0.033797458,-0.1505489,-10.706521,-6.53777,-10.700599
5875,2914656902,arxiv cs fl,arxiv cs cc,False,arxiv cs lo,False,-0.10375321,0.35871845,0.37061867,5.3342037,12.474855,22.395836
5876,2914688016,arxiv cs cv,arxiv cs cv,True,arxiv cs cv,True,0.101729155,-0.09841947,-0.19904792,1.2359573,-0.93352795,11.740839
5877,2914712627,arxiv cs hc,arxiv cs cv,False,arxiv cs cv,False,-0.6673342,-0.114185914,0.13702087,3.5312297,-12.866054,-24.621698
5878,2915012742,arxiv cs it,arxiv cs ni,False,arxiv cs ni,False,0.26880503,0.36813533,-0.405284,-14.1974745,24.958725,-11.47741
5879,2915352453,arxiv cs cv,arxiv cs cv,True,arxiv cs cv,True,0.00053185225,-0.3234976,-0.058498368,-28.22176,-7.2516055,1.0274909
5880,2915719755,arxiv cs lg,arxiv cs cv,False,arxiv cs cv,False,0.12098092,-0.27611822,0.18499832,-23.558317,-5.184701,5.844659
5881,2917796755,arxiv cs sy,arxiv cs lg,False,arxiv cs lg,False,0.13729632,0.07926539,-0.06586427,-4.498798,7.700028,3.0097015
5882,2917914520,arxiv cs hc,arxiv cs cl,False,arxiv cs cl,False,-0.2106235,-0.35776252,-0.000115446746,13.359419,-15.077163,-14.902939
5883,2918230070,arxiv cs si,arxiv cs si,True,arxiv cs si,True,-0.41725576,0.50969344,0.1766377,6.6244364,-19.423399,17.759686
5884,2918811772,arxiv cs it,arxiv cs it,True,arxiv cs it,True,0.3855971,0.44560653,-0.22488648,-13.63695,26.070114,-1.8709198
5885,2918866497,arxiv cs lg,arxiv cs lg,True,arxiv cs lg,True,0.27890146,0.2175769,-0.04266958,-10.681664,13.54916,3.295296
5886,2919991489,arxiv cs lg,arxiv cs lg,True,arxiv cs lg,True,0.43043947,0.07767244,0.3560545,24.478342,17.530348,14.934104
5887,2919992907,arxiv cs it,arxiv cs it,True,arxiv cs it,True,0.41513252,0.7428691,0.33852896,-9.280953,29.802282,5.8677855
5888,2920482252,arxiv cs gt,arxiv cs it,False,arxiv cs it,False,0.27273667,0.45859885,0.5608974,-6.2613277,24.549343,19.904642
5889,2920738326,arxiv cs cv,arxiv cs cv,True,arxiv cs cv,True,0.0688591,-0.21401758,-0.11431084,10.410201,1.493805,2.454064
5890,2920981052,arxiv cs cv,arxiv cs cv,True,arxiv cs cv,True,-0.29520968,0.13034251,-0.17910022,2.5255034,-16.962347,12.258956
5891,2921200302,arxiv cs cv,arxiv cs cv,True,arxiv cs cv,True,0.33435988,0.20909327,-0.37678474,2.4263194,14.640726,-0.8604567
5892,2921416006,arxiv cs cv,arxiv cs cv,True,arxiv cs cv,True,-0.10970384,0.08003047,-0.2917984,4.366081,-15.590272,13.292265
5893,2922325549,arxiv cs cv,arxiv cs cv,True,arxiv cs cv,True,0.081246376,-0.58310634,-0.042233855,19.291061,3.8080397,0.51237047
5894,2922404408,arxiv cs ai,arxiv cs ai,True,arxiv cs ai,True,0.10646933,0.1901187,-0.056060173,-5.7213144,11.870586,8.470716
5895,2923054166,arxiv cs cv,arxiv cs cv,True,arxiv cs cv,True,0.44955182,0.0042544156,-0.59481287,-13.91699,5.652022,-27.177662
5896,2923631003,arxiv cs ro,arxiv cs ro,True,arxiv cs lg,False,-0.40639615,0.021613464,-0.35731697,5.6071005,-4.307241,4.7550626
5897,2923655103,arxiv cs ai,arxiv cs ai,True,arxiv cs ai,True,-0.69288766,-0.19074325,0.47289106,-1.4420696,-10.628403,-31.252153
5898,2923841363,arxiv cs mm,arxiv cs cv,False,arxiv cs cv,False,0.20199805,-0.16892637,-0.043990083,18.35502,7.9322658,4.782239
5899,2924007842,arxiv cs cv,arxiv cs cv,True,arxiv cs cv,True,0.42041433,0.20832959,-0.053615414,6.7135572,9.669789,10.538831
5900,2924600751,arxiv cs lg,arxiv cs lg,True,arxiv cs lg,True,0.34141803,0.620855,-0.32866874,-30.750412,14.400886,0.1862825
5901,2924874421,arxiv cs ni,arxiv cs ni,True,arxiv cs ni,True,-0.35704064,0.16658683,-0.48973548,-6.3297753,23.204514,-11.1675825
5902,2928312849,arxiv cs cr,arxiv cs cr,True,arxiv cs cr,True,-0.75615984,-0.15035136,-0.040604882,-7.4067435,-16.931213,-12.170346
5903,2928323544,arxiv cs cv,arxiv cs cv,True,arxiv cs cv,True,0.078924656,0.0036555976,-0.17689502,23.997997,8.355645,11.686782
5904,2928783453,arxiv cs ds,arxiv cs ds,True,arxiv cs ds,True,0.24086297,0.53576654,0.23948863,-2.9267936,18.51941,16.285257
5905,2929293193,arxiv cs cv,arxiv cs cv,True,arxiv cs cv,True,0.09748888,-0.31339192,0.061358478,29.795618,-0.38309038,1.0518332
5906,2930212929,arxiv cs cv,arxiv cs cv,True,arxiv cs cv,True,0.24626255,-0.42380023,-0.029422008,18.986092,-7.6664963,9.28206
5907,2930629826,arxiv cs cr,arxiv cs ni,False,arxiv cs cr,True,-0.09626949,0.18931185,-0.47031367,-17.56796,3.4677663,-11.950959
5908,2931817379,arxiv cs ce,arxiv cs ro,False,arxiv cs ro,False,-0.52742124,0.13339359,-0.18957314,10.2999935,-20.295341,13.294981
5909,2933746804,arxiv cs ds,arxiv cs ds,True,arxiv cs ds,True,-0.054445922,0.20140646,0.3851768,-2.7063365,-16.100744,30.268538
5910,2934306949,arxiv cs it,arxiv cs it,True,arxiv cs it,True,0.01693505,0.38554215,-0.041116953,-10.937759,-6.2480826,18.426458
5911,2936687512,arxiv cs lg,arxiv cs si,False,arxiv cs cl,False,-0.74807847,0.07892082,0.1213037,-4.037832,-11.836932,-19.98084
5913,2937531648,arxiv cs ro,arxiv cs ro,True,arxiv cs ro,True,-0.12778115,0.07583963,-0.2747642,3.7465653,-3.7158296,-0.9164766
5914,2937993361,arxiv cs sd,arxiv cs cv,False,arxiv cs cv,False,0.06811929,-0.5049059,-0.18428856,12.989062,2.7891707,-9.218154
5915,2938616020,arxiv cs ne,arxiv cs cv,False,arxiv cs cv,False,0.11584312,0.3167595,-0.13560358,-16.012533,17.70154,-0.8774503
5916,2938619957,arxiv cs cv,arxiv cs cv,True,arxiv cs cv,True,0.13870722,-0.28606683,-0.5760333,24.645655,1.1625141,10.003014
5917,2940274780,arxiv cs cv,arxiv cs cv,True,arxiv cs cv,True,0.3785355,0.11752705,0.06817314,9.680304,13.838897,8.111284
5918,2940552531,arxiv cs se,arxiv cs cv,False,arxiv cs cv,False,-0.32922342,-0.09810765,-0.064543255,-6.2514925,-9.008513,4.262739
5919,2940744493,arxiv cs cg,arxiv cs ds,False,arxiv cs ds,False,0.47386754,0.31830704,0.3888593,4.2656813,20.99422,-5.267192
5920,2941602413,arxiv cs lg,arxiv cs cv,False,arxiv cs cv,False,0.4945302,-0.37479138,-0.10113376,14.283566,10.405158,-20.178637
5921,2942077508,arxiv cs cv,arxiv cs cv,True,arxiv cs cv,True,-0.4359817,-0.19895934,-0.16566876,1.2186176,-13.733151,-0.78042823
5922,2942128878,arxiv cs cv,arxiv cs cv,True,arxiv cs cv,True,-0.5945181,-0.017967746,-0.097290106,-9.51451,-15.763158,-27.324308
5923,2942613632,arxiv cs dm,arxiv cs cc,False,arxiv cs cc,False,0.5398582,0.61968744,1.0314788,-4.0804353,28.353615,24.42439
5924,2942748681,arxiv cs cr,arxiv cs cr,True,arxiv cs cr,True,-0.11494249,-0.4789819,-0.3237934,-7.302505,-18.070185,0.86063385
5925,2942843660,arxiv cs it,arxiv cs ni,False,arxiv cs ni,False,0.13896775,0.2086847,-0.28394198,-13.85889,11.988565,5.259649
5926,2943272459,arxiv cs ds,arxiv cs ds,True,arxiv cs ds,True,0.098906875,0.62925816,0.61805856,-1.3985431,19.121885,24.04337
5927,2943620781,arxiv cs cy,arxiv cs ni,False,arxiv cs ni,False,-0.18970138,-0.0949149,-0.7459111,18.104805,-27.488974,11.7983465
5928,2944165538,arxiv cs lg,arxiv cs ds,False,arxiv cs ds,False,0.3150587,0.3209364,0.12554386,0.248825,13.409271,9.548052
5929,2944188719,arxiv cs oh,arxiv cs cr,False,arxiv cs gt,False,-0.29133093,0.043710783,0.1297113,-10.161355,-11.275148,-10.405092
5930,2944264649,arxiv cs cv,arxiv cs cv,True,arxiv cs cv,True,-0.073839724,0.09515446,-0.26802105,-8.138159,5.9311266,3.190337
5931,2944265102,arxiv cs se,arxiv cs se,True,arxiv cs dc,False,-0.27025425,0.12591049,0.10664342,-18.345812,4.791575,15.451589
5932,2944394121,arxiv cs lg,arxiv cs lg,True,arxiv cs lg,True,0.7874,0.55252206,0.47939152,-8.133531,18.576387,7.2648134
5933,2944645026,arxiv cs cv,arxiv cs cv,True,arxiv cs cv,True,-0.563728,0.07092435,0.08548108,-4.4051256,-34.767006,-0.814508
5934,2944796900,arxiv cs cv,arxiv cs cv,True,arxiv cs cv,True,0.0027782917,-0.011730626,-0.34551018,10.049215,-2.0702639,5.937696
5935,2944951172,arxiv cs lg,arxiv cs cr,False,arxiv cs cr,False,0.6349504,-1.0992335,0.18746895,-5.2833223,12.863853,-22.04145
5936,2945007972,arxiv cs it,arxiv cs it,True,arxiv cs it,True,-0.15855688,0.3096375,-0.5302103,-11.90238,22.107973,-14.5603485
5937,2945049603,arxiv cs ir,arxiv cs cv,False,arxiv cs cv,False,0.49003792,-0.7792363,-0.024282187,27.957485,-2.0078244,-12.345386
5938,2945102514,arxiv cs it,arxiv cs it,True,arxiv cs it,True,-0.09580195,0.27866572,-0.78659916,-15.235233,20.637663,-14.587648
5939,2945442098,arxiv cs cy,arxiv cs lg,False,arxiv cs cv,False,-0.57333595,-0.0069156885,0.20520315,-1.2580402,-11.288747,-23.292011
5940,2945473295,arxiv cs cv,arxiv cs cv,True,arxiv cs cv,True,-0.03251195,0.11028142,-0.3327318,-1.124064,0.6074565,2.9757626
5941,2945640200,arxiv cs sy,arxiv cs sy,True,arxiv cs sy,True,0.06448084,0.41778088,-0.50743574,-26.988583,-3.9793537,18.661526
5942,2945722765,arxiv cs ro,arxiv cs ai,False,arxiv cs ai,False,-0.46455663,0.17458285,-0.2419995,-5.118017,-15.106745,13.035221
5943,2945796017,arxiv cs lg,arxiv cs lg,True,arxiv cs cv,False,0.035017908,-0.1736312,0.21124887,-19.84401,-6.345482,5.601408
5944,2945825390,arxiv cs lg,arxiv cs ai,False,arxiv cs ai,False,-0.19834352,-0.020424336,0.24112555,-26.289787,2.74366,2.8352435
5945,2945838271,arxiv cs cv,arxiv cs cv,True,arxiv cs lg,False,0.07378477,0.38648283,0.30642924,-13.13563,13.605722,17.477472
5946,2946789609,arxiv cs cv,arxiv cs cv,True,arxiv cs cv,True,0.26579726,-0.23054902,-0.045440286,23.467392,2.0359097,3.6207316
5947,2946839488,arxiv cs cv,arxiv cs cv,True,arxiv cs cv,True,-0.20702618,-0.27920383,-0.29704732,20.620783,-28.565248,-6.3234234
5948,2946913047,arxiv cs db,arxiv cs cr,False,arxiv cs cr,False,-0.31187725,0.019977584,-0.38907257,-20.518206,-4.207895,-13.584312
5949,2947080931,arxiv cs ma,arxiv cs lg,False,arxiv cs lg,False,-0.26856595,0.020014182,-0.23508915,-11.971573,-7.5491047,-16.83786
5950,2947365619,arxiv cs lg,arxiv cs lg,True,arxiv cs lg,True,0.494658,-0.36268097,0.401832,13.036907,27.237997,-7.793643
5951,2947484926,arxiv cs db,arxiv cs dc,False,arxiv cs dc,False,-0.36381704,-0.11928509,0.32781518,-0.8310258,-8.197371,-17.891699
5952,2947599954,arxiv cs lg,arxiv cs cv,False,arxiv cs cv,False,0.42613447,0.342856,0.3920623,-3.8226218,19.92909,6.5031605
5953,2947705258,arxiv cs cv,arxiv cs cv,True,arxiv cs cv,True,-0.19144481,0.22404656,-0.44314146,-10.287087,-33.874054,7.638939
5954,2947844600,arxiv cs cv,arxiv cs cv,True,arxiv cs cv,True,0.04583931,-0.22768067,-0.12872556,-3.8629136,5.386511,-5.1074553
5956,2948157184,arxiv cs sy,arxiv cs sy,True,arxiv cs sy,True,0.32563972,0.649335,-0.2042757,-20.133112,20.232838,-8.487025
5957,2948171095,arxiv cs cv,arxiv cs cv,True,arxiv cs cv,True,-0.3296751,-0.08725004,0.103857845,5.2242584,5.332423,-26.46429
5959,2948410735,arxiv cs cv,arxiv cs cv,True,arxiv cs cv,True,0.34491217,-0.2496417,-0.06472347,11.411511,7.0464144,7.3107047
5960,2948667103,arxiv cs cl,arxiv cs cl,True,arxiv cs cl,True,-0.2917652,-0.18407662,0.07908217,19.287401,-10.639715,-5.008587
5961,2948829945,arxiv cs lg,arxiv cs cv,False,arxiv cs cv,False,-0.78177917,-0.14535587,0.31707072,-1.0266696,-12.965054,-30.445944
5962,2948874979,arxiv cs cl,arxiv cs cv,False,arxiv cs cl,True,0.30663705,-0.23263843,-0.13658947,-16.156374,2.4076355,-1.6329986
5966,2949160521,arxiv cs cl,arxiv cs cl,True,arxiv cs cl,True,-0.28068024,-0.18005587,0.5205457,16.904331,-21.129375,-4.5261364
5967,2949170350,arxiv cs lg,arxiv cs cv,False,arxiv cs cv,False,-0.08562982,0.11461573,0.25505376,-17.157282,0.67599803,13.615303
5978,2949360683,arxiv cs cl,arxiv cs cl,True,arxiv cs cl,True,-0.22247219,-0.08193885,-0.06174404,-2.6197388,-9.057923,2.3451512
5986,2949453050,arxiv cs ni,arxiv cs ni,True,arxiv cs ni,True,-0.12238461,0.15789266,-0.6880309,-18.981384,4.964951,-11.505825
5987,2949464762,arxiv cs lg,arxiv cs lg,True,arxiv cs lg,True,-0.04472053,0.17053403,-0.073819466,-3.9649172,0.74801046,-2.6637144
5994,2949651942,arxiv cs ne,arxiv cs cv,False,arxiv cs cv,False,-0.27615684,-0.12987702,-0.11128565,-0.28322825,-9.096117,8.881854
5997,2949691923,arxiv cs gt,arxiv cs ds,False,arxiv cs ds,False,0.109356344,0.27954808,0.26851457,-5.6110454,22.684313,13.995296
6007,2949994809,arxiv cs cv,arxiv cs cv,True,arxiv cs cv,True,0.21687454,-0.026247188,-0.41846412,13.00483,-1.5118047,15.864267
6017,2950133079,arxiv cs cl,arxiv cs cl,True,arxiv cs cl,True,0.038471937,-0.5978135,0.17384645,19.997211,-9.636968,-8.934384
6030,2950430953,arxiv cs dm,arxiv cs ds,False,arxiv cs ds,False,-0.3030838,0.2898257,0.24091202,7.8132524,-22.720016,7.619162
6033,2950440138,arxiv cs lg,arxiv cs ds,False,arxiv cs lg,True,-0.3108495,0.46340674,0.15397349,-8.919905,9.471188,26.709896
6053,2950766463,arxiv cs it,arxiv cs it,True,arxiv cs it,True,0.610345,0.48102212,-0.6588598,-13.853816,30.373392,-7.9307795
6069,2951024004,arxiv cs ds,arxiv cs ds,True,arxiv cs ds,True,0.7979784,0.38060838,0.026676487,-11.331005,19.383898,3.2363229
6088,2951257439,arxiv cs cv,arxiv cs cv,True,arxiv cs cv,True,0.4433831,-0.15523894,-0.33617803,6.1992354,7.918175,-4.88392
6093,2951328767,arxiv cs cv,arxiv cs cv,True,arxiv cs cv,True,1.0456353,0.06727978,-0.28038135,1.3682387,16.575268,-14.255618
6095,2951337821,arxiv cs cl,arxiv cs cl,True,arxiv cs cl,True,-0.088989496,-0.116726115,0.10172333,22.190725,-13.0286255,-2.2944522
6103,2951479848,arxiv cs ro,arxiv cs ro,True,arxiv cs ro,True,-0.026546776,0.1605128,-0.20094234,-1.9831712,2.8784914,12.584144
6126,2951991833,arxiv cs ar,arxiv cs dc,False,arxiv cs dc,False,-0.5383804,-0.16808765,-0.014545143,0.41038775,-8.87124,-22.316374
6133,2952074843,arxiv cs cv,arxiv cs cv,True,arxiv cs cv,True,0.16800159,-0.0772164,-0.20210418,5.836536,6.926727,4.537375
6139,2952096576,arxiv cs cr,arxiv cs cr,True,arxiv cs cr,True,-0.42936778,0.18402843,0.09009382,-5.4263473,-6.695898,-26.175184
6142,2952203757,arxiv cs it,arxiv cs it,True,arxiv cs it,True,0.54823434,0.42987448,0.08754765,-18.151474,26.046349,5.770403
6148,2952342347,arxiv cs hc,arxiv cs ai,False,arxiv cs ai,False,-0.6466086,-0.150411,0.24186268,2.5615973,-29.155289,4.035096
6152,2952417247,arxiv cs ro,arxiv cs ni,False,arxiv cs ni,False,-0.3000554,0.051527083,-0.2654255,-7.8184423,-6.626144,-12.46335
6153,2952437277,arxiv cs gt,arxiv cs ni,False,arxiv cs ni,False,-0.4060016,0.28682873,-0.10109199,-7.6990433,33.42695,-0.7000552
6158,2952523162,arxiv cs lg,arxiv cs cv,False,arxiv cs cv,False,0.2833352,-0.19415282,0.22934294,21.465712,4.2922497,-9.53331
6184,2952869161,arxiv cs cv,arxiv cs cv,True,arxiv cs cv,True,0.5296966,-0.7861364,-0.3240761,29.877089,6.945499,-1.5566682
6187,2952940380,arxiv cs sd,arxiv cs cv,False,arxiv cs cv,False,0.018768609,-0.93042696,-0.041845903,25.535807,-12.776041,-7.8506713
6203,2953184638,arxiv cs ds,arxiv cs ds,True,arxiv cs ds,True,0.18414408,0.27155662,0.7734255,4.056179,21.009087,19.721691
6207,2953235720,arxiv cs gt,arxiv cs gt,True,arxiv cs gt,True,-0.17083848,-0.3653211,0.22892636,12.23302,-8.34624,-22.702824
6216,2953712567,arxiv cs cl,arxiv cs cl,True,arxiv cs cl,True,-0.51609033,-0.30243593,0.124613374,4.1237826,-15.9824,-4.26312
6218,2954067948,arxiv cs cl,arxiv cs cv,False,arxiv cs cv,False,0.008513629,-0.119447425,0.03085427,-17.602844,-1.0087807,0.50827885
6220,2954177192,arxiv cs ir,arxiv cs lg,False,arxiv cs lg,False,-0.11773145,-0.12418048,0.008066785,0.34129864,-4.4817314,-13.455444
6221,2954583943,arxiv cs se,arxiv cs lo,False,arxiv cs lo,False,-0.32550266,-0.12832527,0.018889334,1.4793786,-10.719299,-13.198381
6222,2955160498,arxiv cs cv,arxiv cs cv,True,arxiv cs cv,True,0.21715349,0.35019553,0.12328217,-4.877315,17.906017,9.94514
6224,2955278383,arxiv cs cv,arxiv cs cv,True,arxiv cs cv,True,0.29577458,-0.04395567,-0.60210377,-20.535442,5.3703103,-22.677067
6225,2955298927,arxiv cs lo,arxiv cs lo,True,arxiv cs lo,True,-0.5677082,0.5552705,0.11140612,1.8476903,-25.252213,14.938303
6226,2955431809,arxiv cs cr,arxiv cs se,False,arxiv cs lo,False,-0.630258,-0.32762736,0.2483002,-8.751794,-13.456262,-20.127295
6227,2955620119,arxiv cs cv,arxiv cs cv,True,arxiv cs cv,True,0.15340513,0.23055355,-0.35531145,3.074418,5.9163017,14.138935
6228,2955993284,arxiv cs cv,arxiv cs cv,True,arxiv cs cv,True,0.15814716,-0.56255645,-0.05737775,15.420269,-5.6438546,-7.165711
6229,2956032547,arxiv cs ai,arxiv cs lg,False,arxiv cs lg,False,-0.3696519,-0.58782536,0.3782467,8.206436,-6.0086484,-26.30324
6230,2956224423,arxiv cs si,arxiv cs si,True,arxiv cs si,True,-0.7541605,-0.2709546,0.2705912,-3.305819,-28.136309,-14.143235
6231,2956311605,arxiv cs cr,arxiv cs lg,False,arxiv cs lg,False,0.20348209,0.19176182,-0.12848744,-18.687212,6.9886646,2.167544
6232,2957958490,arxiv cs cv,arxiv cs cv,True,arxiv cs cv,True,0.032012403,-0.34348398,-0.23900416,17.507378,-8.585024,9.870163
6233,2958459481,arxiv cs pl,arxiv cs ai,False,arxiv cs ai,False,0.38757288,0.07702356,0.6753063,12.581506,21.980873,8.301954
6234,2959441737,arxiv cs cv,arxiv cs cv,True,arxiv cs cv,True,0.062186003,-0.20269139,-0.35060132,3.1901743,-1.0084356,11.879632
6235,2959972908,arxiv cs ro,arxiv cs ro,True,arxiv cs ro,True,-0.2499218,0.0205798,-0.36630395,-16.625954,2.0678508,-10.385454
6236,2961272359,arxiv cs cv,arxiv cs cv,True,arxiv cs cv,True,-0.46997097,-0.09099795,-0.008234434,-1.20446,-8.5164995,-26.238607
6237,2962059236,arxiv cs ds,arxiv cs ds,True,arxiv cs ds,True,0.3845451,0.35638845,0.58938086,-3.6820579,30.391058,25.183592
6239,2963301377,arxiv cs cv,arxiv cs cv,True,arxiv cs cv,True,-0.19816309,-0.125389,-0.07880076,-6.6750293,-9.272944,7.245226
6240,2963317101,arxiv cs cl,arxiv cs cl,True,arxiv cs cl,True,-0.21832067,-0.41489714,0.025827602,19.328932,-2.2644715,-5.735736
6241,2963479374,arxiv cs cv,arxiv cs cv,True,arxiv cs cv,True,-0.26097262,-0.6536378,0.4635352,20.705395,-0.85579973,-21.948898
6242,2963656397,arxiv cs cv,arxiv cs cv,True,arxiv cs cv,True,-0.080284536,-0.5949125,-0.34450316,28.735102,-1.6179676,12.172321
6243,2963720295,arxiv cs db,arxiv cs ai,False,arxiv cs ai,False,0.49762452,-0.16709648,0.282647,13.455558,24.672369,-14.2353945
6244,2963939873,arxiv cs cl,arxiv cs cl,True,arxiv cs cl,True,0.028100789,-0.16315387,0.021835614,18.043793,1.3817095,-7.8112392
6245,2963978890,arxiv cs cv,arxiv cs cv,True,arxiv cs cv,True,0.353979,-0.51621014,0.17335084,1.2274605,13.825855,-24.260893
6246,2964075370,arxiv cs cy,arxiv cs cv,False,arxiv cs cv,False,-0.43882054,0.2585315,-0.2787858,-0.82672215,-21.230547,11.815979
6247,2965024913,arxiv cs it,arxiv cs it,True,arxiv cs it,True,0.2400986,0.48619592,-0.22010511,-11.852936,27.507559,-5.492062
6248,2965052543,arxiv cs cl,arxiv cs cl,True,arxiv cs cl,True,-0.09989542,-0.30350614,0.11394536,11.255246,-10.398955,-15.317803
6249,2965457137,arxiv cs cv,arxiv cs cv,True,arxiv cs cv,True,-0.2725451,0.29553837,-0.211725,7.3834767,-13.875509,15.808589
6250,2965571014,arxiv cs it,arxiv cs lg,False,arxiv cs lg,False,0.049951732,0.1466154,0.029066253,-4.9307466,-0.5728657,-24.443722
6251,2965694323,arxiv cs cv,arxiv cs cv,True,arxiv cs cv,True,0.021397889,-0.01924017,0.09384553,-18.611536,-4.377148,10.852799
6252,2966124173,arxiv cs cl,arxiv cs cl,True,arxiv cs cl,True,-0.38670447,-0.3639338,0.15332758,13.791811,-11.449976,-9.288418
6253,2966213453,arxiv cs lg,arxiv cs cv,False,arxiv cs cv,False,-0.22039586,0.3815946,-0.38738662,4.0938997,-7.203994,26.64845
6254,2966455448,arxiv cs lg,arxiv cs lg,True,arxiv cs lg,True,0.39673924,0.39155084,0.03245648,-5.1963115,17.238312,7.007688
6255,2966667426,arxiv cs cv,arxiv cs cv,True,arxiv cs cv,True,-0.20401806,-0.26348573,0.23325112,3.8819485,-3.9115381,-9.290584
6256,2966739465,arxiv cs cv,arxiv cs cv,True,arxiv cs cv,True,0.24794817,-0.29735118,0.15288004,17.556076,12.969485,-20.942434
6257,2966846203,arxiv cs lg,arxiv cs si,False,arxiv cs cv,False,-0.35262206,-0.28657025,-0.10050101,-7.038909,-32.480003,-8.335596
6258,2967570245,arxiv cs cg,arxiv cs ds,False,arxiv cs ds,False,0.14838672,0.37029597,0.1954095,1.2653155,21.152092,15.451998
6259,2968370607,arxiv cs cv,arxiv cs cv,True,arxiv cs cv,True,0.3495878,-0.07696597,-0.11822542,7.4479804,6.523768,3.9475207
6260,2969301759,arxiv cs cl,arxiv cs cl,True,arxiv cs cl,True,-0.046378136,-0.3663072,0.6824851,20.896915,-3.8413994,-9.268239
6261,2969556393,arxiv cs it,arxiv cs it,True,arxiv cs it,True,-0.3320571,0.39086103,-0.39938566,-5.9427094,22.749987,-9.001062
6262,2969906863,arxiv cs it,arxiv cs it,True,arxiv cs it,True,0.013694644,0.3907107,-0.5979633,-2.4785776,27.356853,-5.855962
6263,2969955284,arxiv cs ma,arxiv cs si,False,arxiv cs si,False,-0.74750096,0.21785328,-0.05016256,2.504802,-29.017044,11.961225
6264,2970305063,arxiv cs cv,arxiv cs cv,True,arxiv cs cv,True,0.13058907,0.11419075,-0.03056062,-6.8448095,-5.4446497,19.785686
6265,2970540529,arxiv cs cv,arxiv cs lg,False,arxiv cs lg,False,0.17058569,-0.049205154,0.07300594,13.138256,1.2839926,-14.646807
6266,2970557909,arxiv cs ni,arxiv cs ni,True,arxiv cs ni,True,-0.5967637,0.05596321,-0.13658124,-14.790251,-21.866385,-9.793082
6267,2970941071,arxiv cs cv,arxiv cs cv,True,arxiv cs cv,True,-0.0537436,-0.3499478,0.11651546,6.318027,-2.3677928,-23.495152
6268,2971059287,arxiv cs cr,arxiv cs cr,True,arxiv cs cr,True,-0.26378232,0.16809598,-0.56954086,-5.7749014,-8.943693,23.950499
6269,2971191050,arxiv cs cl,arxiv cs cv,False,arxiv cs cv,False,0.064860225,0.25559258,-0.3220027,-19.645008,18.288706,1.4607882
6270,2971620415,arxiv cs lg,arxiv cs cv,False,arxiv cs cv,False,0.46303952,0.09176938,-0.1966506,-0.6291542,11.780086,-1.6515751
6271,2971773895,arxiv cs cv,arxiv cs cv,True,arxiv cs cv,True,0.15201765,-0.6198935,0.13739169,13.852237,-2.5938969,-9.306751
6272,2971858732,arxiv cs cl,arxiv cs cl,True,arxiv cs cl,True,-0.38771138,-0.24044572,-0.08138188,5.1033287,-12.711917,-12.580994
6273,2971994982,arxiv cs cg,arxiv cs ds,False,arxiv cs ds,False,0.116392314,0.82024044,0.36276588,-5.860462,15.236639,20.566002
6274,2972013333,arxiv cs lg,arxiv cs lg,True,arxiv cs lg,True,0.2894522,-0.08111714,0.4044005,16.767366,18.144672,2.5746748
6275,2972333651,arxiv cs lg,arxiv cs ds,False,arxiv cs ds,False,-0.04308951,0.3585104,0.2171081,-10.029675,8.387333,14.622816
6276,2972490392,arxiv cs ro,arxiv cs sy,False,arxiv cs ro,True,-0.14675927,0.04998082,-0.27875417,-13.433392,-2.820243,-25.145239
6277,2972652103,arxiv cs lg,arxiv cs cv,False,arxiv cs cv,False,-0.10099685,-0.033836916,0.015283048,0.7686638,-9.536078,4.3753524
6278,2972654968,arxiv cs si,arxiv cs si,True,arxiv cs si,True,-0.63521385,-0.043677047,0.0897205,-5.6677284,-22.85697,-7.7509394
6279,2972672785,arxiv cs lg,arxiv cs lg,True,arxiv cs lg,True,0.47788787,0.14463905,0.1650024,9.811835,19.741161,3.6388872
6280,2972767494,arxiv cs cl,arxiv cs cv,False,arxiv cs cv,False,0.20707768,-0.054272562,-0.12534636,-5.1031594,-33.754322,15.910517
6281,2972776155,arxiv cs cv,arxiv cs cv,True,arxiv cs cv,True,-0.07111025,0.14057261,-0.2554932,0.5323164,-8.373289,20.060051
6282,2972870980,arxiv cs ro,arxiv cs cv,False,arxiv cs cv,False,0.091406524,0.28057978,-0.312916,1.782223,4.1029973,13.512403
6283,2972933289,arxiv cs lg,arxiv cs cv,False,arxiv cs cv,False,0.5070329,-0.20272951,0.20828775,7.2249274,15.5760355,-6.9525294
6284,2973719170,arxiv cs ro,arxiv cs ro,True,arxiv cs ro,True,-0.072048545,0.07609529,-0.42217514,-4.452107,5.375207,4.932362
6285,2973778533,arxiv cs cv,arxiv cs cv,True,arxiv cs cv,True,0.48806238,-0.1027839,-0.24423453,4.20502,15.25242,-8.516164
6286,2973841807,arxiv cs cv,arxiv cs cv,True,arxiv cs cv,True,-0.08900386,0.097196326,-0.44930327,12.915282,-10.267136,19.307306
6287,2974160590,arxiv cs ai,arxiv cs lo,False,arxiv cs lo,False,0.14878643,0.14302185,0.1506375,-20.290787,10.173097,26.763481
6288,2974287247,arxiv cs cv,arxiv cs cv,True,arxiv cs cv,True,0.21913385,0.3780921,-0.35767195,14.897133,-6.7667866,15.301056
6289,2974713270,arxiv cs lg,arxiv cs lg,True,arxiv cs lg,True,0.44919825,0.0016865134,0.001808729,8.543378,17.680134,-15.612386
6290,2974852124,arxiv cs cr,arxiv cs cv,False,arxiv cs cv,False,-0.13540035,-0.17988043,-0.14801198,-16.178818,-1.3903145,-16.464336
6291,2975480662,arxiv cs lg,arxiv cs lg,True,arxiv cs lg,True,-0.08024192,0.27153313,0.17626756,-14.885309,-12.822838,9.103636
6292,2976266262,arxiv cs ro,arxiv cs dc,False,arxiv cs dc,False,-0.033438146,0.20550835,-0.6887386,-17.060665,-2.2326481,7.3628454
6293,2976728009,arxiv cs it,arxiv cs it,True,arxiv cs it,True,0.04930055,0.43446892,-0.28111073,-11.529183,26.715706,-7.513528
6294,2976738340,arxiv cs ro,arxiv cs ro,True,arxiv cs ro,True,0.14070374,0.17636916,-0.56940114,-5.257354,7.5560694,7.1816897
6295,2976847563,arxiv cs lg,arxiv cs cv,False,arxiv cs cv,False,0.9533466,0.108805716,0.3286123,6.5461993,20.139471,-0.37886047
6296,2976863053,arxiv cs lg,arxiv cs cv,False,arxiv cs cv,False,-0.004134655,0.34674075,-0.29367423,7.8139157,0.8724881,22.85446
6297,2976906697,arxiv cs lg,arxiv cs lg,True,arxiv cs lg,True,-0.20169228,0.041685417,0.10771589,-23.137196,-13.946172,-2.2353728
6298,2978072813,arxiv cs cc,arxiv cs ds,False,arxiv cs ds,False,0.5287254,0.5460754,0.25778633,-13.082151,20.882734,14.366427
6299,2978128960,arxiv cs db,arxiv cs cr,False,arxiv cs cr,False,-0.17621452,-0.08538206,0.051084884,-19.819033,-9.18198,-13.711346
6300,2978543552,arxiv cs lg,arxiv cs lg,True,arxiv cs cv,False,0.41684103,-0.0014115423,0.027344093,6.670591,22.114294,9.54546
6301,2978568981,arxiv cs ma,arxiv cs cl,False,arxiv cs lg,False,-0.48788708,0.0056762397,-0.09357201,-13.436978,-21.664845,-4.732379
6302,2978641901,arxiv cs ni,arxiv cs cv,False,arxiv cs cv,False,-0.42489004,-0.12527318,-0.27682343,-10.075754,-27.134277,-8.508542
6303,2979128528,arxiv cs cv,arxiv cs cv,True,arxiv cs cv,True,0.3064046,-0.53321326,0.23647884,16.768465,4.5073547,1.661672
6304,2979216345,arxiv cs lg,arxiv cs ai,False,arxiv cs lg,True,0.11425394,-0.24291812,0.0077259876,5.9915347,0.5921541,-6.796246
6305,2979310416,arxiv cs hc,arxiv cs ro,False,arxiv cs ro,False,-0.34010273,-0.42016935,-0.23148358,12.216994,-3.728129,-3.1510727
6306,2979671586,arxiv cs lo,arxiv cs lo,True,arxiv cs lo,True,-0.1903891,0.50000286,0.4664219,-2.4710906,15.636301,32.71261
6307,2979882506,arxiv cs cv,arxiv cs cv,True,arxiv cs cv,True,-0.21947312,0.07347436,-0.06293384,-5.020778,-11.937117,1.2176661
6308,2980307636,arxiv cs cr,arxiv cs cr,True,arxiv cs cr,True,-0.20562959,0.3208364,0.06281685,2.0032632,30.869274,10.547425
6309,2980359763,arxiv cs it,arxiv cs it,True,arxiv cs it,True,-0.05174923,0.75409317,0.23457819,-8.793674,-5.3900805,29.58043
6310,2980980299,arxiv cs cr,arxiv cs cr,True,arxiv cs cr,True,-0.22185862,-0.17747651,-0.15448385,-20.815676,-6.172703,-16.478718
6311,2981073781,arxiv cs ir,arxiv cs cv,False,arxiv cs cv,False,-0.16220278,-0.3496647,-0.09268918,18.376787,-7.6762257,1.9818966
6312,2981117684,arxiv cs db,arxiv cs dc,False,arxiv cs ds,False,-0.18137223,-0.061750934,0.29013917,27.574478,-8.707885,1.3989173
6313,2981217918,arxiv cs lg,arxiv cs lg,True,arxiv cs lg,True,0.7396202,0.043697894,0.06964098,-28.412264,17.27357,-4.6040325
6314,2981425063,arxiv cs cl,arxiv cs si,False,arxiv cs cl,True,-0.6221447,-0.12927206,-0.007825866,-8.561165,-25.222797,-9.087624
6315,2981573048,arxiv cs cl,arxiv cs cl,True,arxiv cs cl,True,-0.10611892,-0.26998854,-0.043384135,6.835248,-13.626969,-13.063447
6316,2981842336,arxiv cs ni,arxiv cs sy,False,arxiv cs lg,False,-0.60645384,0.15717344,-0.17890605,-3.5602887,-34.40181,1.6309004
6317,2981952169,arxiv cs cv,arxiv cs cv,True,arxiv cs cv,True,-0.13151664,-0.037884593,-0.16514507,-1.4876511,-5.174927,2.420644
6318,2982188262,arxiv cs lg,arxiv cs cv,False,arxiv cs cv,False,0.017610371,0.2549128,-0.20824635,-19.861782,7.353174,-2.9343104
6319,2982188535,arxiv cs cv,arxiv cs cv,True,arxiv cs cv,True,-0.05750954,-0.091230676,-0.15808702,1.8343866,-4.92532,14.776324
6320,2982264892,arxiv cs se,arxiv cs se,True,arxiv cs ai,False,-0.31456298,-0.15245138,-0.032564282,23.668114,-19.8559,-1.5060184
6321,2982277431,arxiv cs se,arxiv cs ai,False,arxiv cs cv,False,-0.13590223,-0.22306599,0.089287065,-8.138568,-7.6132393,0.80009216
6322,2982281627,arxiv cs cv,arxiv cs cv,True,arxiv cs cv,True,-0.38962215,0.04020752,0.078594506,3.8756154,-16.049889,7.1040254
6323,2982311230,arxiv cs cv,arxiv cs cv,True,arxiv cs cv,True,-0.07158005,-0.31988227,-0.16282889,18.925638,-4.813334,5.3693776
6324,2983068736,arxiv cs cl,arxiv cs cl,True,arxiv cs lg,False,0.09208131,-0.3256232,0.38041845,23.138159,0.2153731,-9.3144045
6325,2984259753,arxiv cs gr,arxiv cs cv,False,arxiv cs cv,False,0.10113853,-0.005681917,-0.09459407,0.46488944,-11.290559,23.722794
6326,2984872799,arxiv cs lg,arxiv cs lg,True,arxiv cs lg,True,0.45357442,0.13590084,0.019684386,2.6216087,16.334223,3.996808
6327,2985402734,arxiv cs se,arxiv cs cl,False,arxiv cs cl,False,-0.17377847,-0.06808084,0.02467107,-10.078635,-3.8814614,-18.986195
6328,2985424804,arxiv cs dc,arxiv cs cr,False,arxiv cs cr,False,-0.0183599,-0.3846581,0.07826597,9.093764,-4.123362,-14.928942
6329,2985518820,arxiv cs sd,arxiv cs cv,False,arxiv cs cv,False,0.25746608,-0.4679876,-0.38332453,33.984127,4.188947,-3.35304
6330,2985543011,arxiv cs cy,arxiv cs dl,False,arxiv cs ai,False,-0.8226559,-0.0309515,0.50220245,-2.9507864,-17.844072,-26.418543
6331,2985631515,arxiv cs it,arxiv cs it,True,arxiv cs it,True,0.2523197,0.19548155,-0.3586424,-18.524748,22.000032,-2.8061318
6332,2986039727,arxiv cs cl,arxiv cs cl,True,arxiv cs cl,True,0.38292503,-0.16282688,0.3074323,25.28821,2.6594057,2.60523
6333,2986132467,arxiv cs lg,arxiv cs cl,False,arxiv cs lg,True,-0.33110404,-0.08997513,-0.0058163553,4.8083034,-19.72433,-17.557928
6334,2986692543,arxiv cs lg,arxiv cs lg,True,arxiv cs lg,True,-0.023481905,0.0019149929,0.087964006,-22.878254,-0.19672814,2.4416056
6335,2987685153,arxiv cs ds,arxiv cs ds,True,arxiv cs ds,True,0.043903768,0.54821616,0.3066264,-6.1973825,17.351568,15.457734
6336,2988864148,arxiv cs cv,arxiv cs cv,True,arxiv cs cv,True,0.11784804,0.1391248,-0.17843083,9.783971,-1.6768315,10.267692
6337,2989369986,arxiv cs ro,arxiv cs lg,False,arxiv cs lg,False,-0.13125288,0.43683106,0.053069115,-8.664555,-5.546919,14.377621
6338,2989789087,arxiv cs cv,arxiv cs cv,True,arxiv cs cv,True,0.33561563,0.0126811415,-0.10715584,9.96666,14.995147,1.3698778
6339,2989823025,arxiv cs lg,arxiv cs lg,True,arxiv cs lg,True,0.0071080327,0.09507159,0.07300504,-7.9516025,-6.2371697,9.376855
6340,2989955472,arxiv cs lg,arxiv cs cv,False,arxiv cs cv,False,0.37833977,-0.08178674,-0.24908736,-0.7403964,8.130678,-3.4838243
6341,2990072092,arxiv cs cr,arxiv cs se,False,arxiv cs se,False,-0.73234314,0.22678338,0.08238043,5.26308,-26.998373,1.8909782
6342,2990258745,arxiv cs cv,arxiv cs cv,True,arxiv cs cv,True,0.36163282,0.12786892,-0.008957155,23.634869,10.247114,11.576809
6343,2990662584,arxiv cs cl,arxiv cs lg,False,arxiv cs cl,True,-0.28642634,-0.22036998,0.12799871,2.7376637,-16.76935,-6.2772346
6345,2990756591,arxiv cs cv,arxiv cs cv,True,arxiv cs cv,True,0.19074392,-0.20836993,0.20926386,11.87273,17.02166,5.764706
6346,2990988760,arxiv cs it,arxiv cs ni,False,arxiv cs it,True,0.131051,0.20936891,-0.52365345,-10.7732,26.356005,-11.019025
6347,2991034246,arxiv cs lg,arxiv cs cv,False,arxiv cs cv,False,-0.040823996,0.011614144,0.038796045,-10.259588,-4.242221,-0.16142002
6348,2991061108,arxiv cs cv,arxiv cs cv,True,arxiv cs cv,True,0.90042734,-0.30375624,0.10057515,12.436955,5.0262775,-17.206339
6349,2991486009,arxiv cs lg,arxiv cs lg,True,arxiv cs cv,False,0.056274176,0.070598096,0.085614875,22.86426,10.887956,17.643503
6350,2991603254,arxiv cs cv,arxiv cs cv,True,arxiv cs cv,True,-0.24908566,-0.16029848,-0.4139973,5.1529493,-3.9263475,10.704131
6351,2991984672,arxiv cs it,arxiv cs it,True,arxiv cs it,True,0.40776753,0.014145225,-0.09960026,-23.201576,15.314134,-15.238608
6352,2992221041,arxiv cs cv,arxiv cs cv,True,arxiv cs cv,True,0.11990869,0.12332556,-0.3867739,3.4266546,0.14117016,15.629072
6353,2992280704,arxiv cs cv,arxiv cs cv,True,arxiv cs cv,True,0.06436604,-0.7250643,-0.031368017,26.357555,-10.636751,-11.232993
6354,2992570522,arxiv cs lg,arxiv cs lg,True,arxiv cs lg,True,0.01395452,0.036018178,-0.15472853,-1.6880282,-5.8038583,4.8504467
6355,2993065452,arxiv cs dc,arxiv cs dc,True,arxiv cs dc,True,0.18825334,0.25519493,-0.044201687,-17.923985,14.825668,14.324013
6356,2993468200,arxiv cs ai,arxiv cs cv,False,arxiv cs cv,False,0.7585497,-0.61602545,0.00933199,7.237863,13.071932,-16.316273
6357,2993565147,arxiv cs cv,arxiv cs cv,True,arxiv cs cv,True,0.107573986,0.14879654,-0.384223,2.4559746,3.7742968,10.289547
6359,2994232456,arxiv cs ro,arxiv cs cv,False,arxiv cs lg,False,-0.13145113,-0.3084978,-0.20058826,5.6535454,-8.153301,-2.4376888
6360,2994703676,arxiv cs se,arxiv cs dc,False,arxiv cs dc,False,0.15927273,-0.010200068,-0.13324705,-17.583445,10.500643,-18.31811
6361,2995153230,arxiv cs ds,arxiv cs ds,True,arxiv cs ds,True,0.2224819,0.29279876,-0.064925335,6.2144556,16.734808,11.564247
6362,2995157556,arxiv cs hc,arxiv cs cv,False,arxiv cs cv,False,-0.5025203,-0.13051079,-0.31606948,-17.324602,-23.204563,-1.2703872
6363,2995785030,arxiv cs lg,arxiv cs cv,False,arxiv cs cv,False,0.0059974194,-0.048458904,-0.38103446,-23.48246,-1.1252323,-2.7467158
6364,2995870485,arxiv cs lg,arxiv cs ai,False,arxiv cs ai,False,0.17317289,0.111719884,0.15164751,-5.362986,13.195915,5.007495
6365,2996111659,arxiv cs cr,arxiv cs it,False,arxiv cs it,False,-0.44858623,0.25658315,-0.22522712,-5.5533943,-14.095116,21.00838
6366,2996443676,arxiv cs ne,arxiv cs lg,False,arxiv cs lg,False,-0.37707272,0.04367949,-0.055550218,-11.097551,-19.11553,-2.3638937
6367,2996583889,arxiv cs dc,arxiv cs cr,False,arxiv cs cr,False,-0.59602785,0.07030315,-0.07887406,-9.293932,-16.777235,-10.441465
6368,2996592198,arxiv cs lg,arxiv cs lg,True,arxiv cs lg,True,-0.77699625,0.09617618,0.29322904,-3.8606856,-11.224568,-30.985407
6369,2996607834,arxiv cs lg,arxiv cs ai,False,arxiv cs ai,False,-0.3037697,-0.08345039,0.24177462,1.5190316,-15.675806,-17.244421
6370,2996917504,arxiv cs cl,arxiv cs cl,True,arxiv cs cl,True,-0.054897368,-0.6273381,0.22179312,21.529514,-9.347244,-16.098055
6371,2997145753,arxiv cs ro,arxiv cs cv,False,arxiv cs cv,False,0.2644192,-0.37638003,-0.21705404,-26.800915,4.1316447,-14.552295
6372,2997225729,arxiv cs cv,arxiv cs cv,True,arxiv cs cv,True,-0.3310935,-0.27771264,-0.12667355,11.062393,-17.54484,-17.117432
6373,2997264916,arxiv cs cv,arxiv cs cv,True,arxiv cs cv,True,-0.06004554,0.15524319,-0.069037,-14.724101,10.615282,9.312601
6375,2997502191,arxiv cs cv,arxiv cs cv,True,arxiv cs cv,True,0.30215955,-0.41166687,-0.28098783,13.05128,6.7353244,10.487505
6376,2997739784,arxiv cs ai,arxiv cs ai,True,arxiv cs ai,True,-0.29572487,-0.20096843,0.037456416,-4.9169345,-9.420769,-7.5719957
6377,2997794817,arxiv cs lg,arxiv cs lg,True,arxiv cs lg,True,-0.30504894,0.14718871,0.12559466,1.2180469,-21.415691,-1.7192386
6378,2998112862,arxiv cs gt,arxiv cs cr,False,arxiv cs cr,False,-0.31643143,0.10316739,0.29415363,11.128719,-30.36123,-1.6426774
6379,2998903111,arxiv cs ni,arxiv cs ni,True,arxiv cs ni,True,-0.04172635,-0.2576654,-0.058975786,30.773277,5.0401154,5.132592
6380,2999016057,arxiv cs se,arxiv cs se,True,arxiv cs cl,False,-0.6039885,-0.11973916,0.19884914,5.7800756,-18.908838,-2.6717908
6381,2999151149,arxiv cs lg,arxiv cs lg,True,arxiv cs lg,True,0.64785755,0.36509162,0.07624067,-0.6228722,17.30043,7.029149
6382,2999417788,arxiv cs it,arxiv cs it,True,arxiv cs it,True,-0.32659084,0.48406017,-0.41409177,-5.297517,-18.559256,15.823085
6383,2999450746,arxiv cs lg,arxiv cs lg,True,arxiv cs lg,True,-0.4488414,-0.010825649,-0.0017555207,-1.459764,-16.31551,0.7286691
6384,2999667262,arxiv cs dc,arxiv cs ai,False,arxiv cs lg,False,-0.09262407,-0.111999825,-0.08068905,7.2896733,-6.3257546,-13.925697
6385,2999746632,arxiv cs lg,arxiv cs cv,False,arxiv cs cv,False,0.8614677,-0.48715997,0.11264479,21.244448,18.837406,-2.167787
6386,2999929802,arxiv cs cv,arxiv cs cv,True,arxiv cs cv,True,-0.054376185,0.03319317,0.08782924,-3.6464026,-5.7672305,2.247776
6387,3000146453,arxiv cs lg,arxiv cs lg,True,arxiv cs lg,True,-0.09082192,-0.045949847,0.058579564,0.95995146,-1.6888499,-9.2979145
6388,3000202925,arxiv cs lo,arxiv cs lo,True,arxiv cs lo,True,-0.19373429,0.4263441,0.25347292,-5.6212673,4.1221914,30.427258
6389,3001034135,arxiv cs ro,arxiv cs lg,False,arxiv cs lg,False,-0.45855618,0.17561063,-0.11720828,-13.5283575,-15.784497,-3.4656982
6390,3001160332,arxiv cs lg,arxiv cs cv,False,arxiv cs cv,False,-0.4849405,0.3352638,-0.021780215,-6.6314507,-22.075773,11.667568
6391,3001279942,arxiv cs gt,arxiv cs ai,False,arxiv cs ai,False,0.19691044,0.6809116,0.46643686,-6.9815364,22.455976,19.463945
6392,3001586558,arxiv cs dc,arxiv cs dc,True,arxiv cs dc,True,-0.13332331,0.22810216,-0.13332865,23.972017,-4.3695626,23.147041
6393,3001943432,arxiv cs cv,arxiv cs cv,True,arxiv cs lg,False,0.57245016,-0.2623576,-0.0037242398,17.532318,10.412197,-7.8184533
6394,3002056157,arxiv cs cl,arxiv cs cl,True,arxiv cs cv,False,-0.39014116,-0.2968462,0.1354571,10.35219,-23.286963,-0.0071789646
6395,3003156491,arxiv cs cv,arxiv cs cv,True,arxiv cs cv,True,-0.20647186,0.5364105,-0.07693473,-13.097451,6.7020297,26.359827
6396,3003494042,arxiv cs it,arxiv cs it,True,arxiv cs it,True,0.44712996,1.0136006,-0.032072946,6.3945813,5.417712,23.62886
6397,3003506590,arxiv cs ni,arxiv cs ni,True,arxiv cs ni,True,0.057222366,0.18747696,-0.7488667,-13.768547,17.55911,-13.019786
6398,3003567082,arxiv cs pl,arxiv cs lg,False,arxiv cs lg,False,0.42566872,0.10961074,-0.07346488,-0.92397857,13.74908,3.703713
6399,3003830892,arxiv cs sc,arxiv cs it,False,arxiv cs it,False,1.2164444,0.93972665,0.6814176,-12.450585,25.889664,12.590824
6400,3004114189,arxiv cs cv,arxiv cs cv,True,arxiv cs cv,True,0.106583714,-0.17660166,-0.5651622,26.648275,-0.7686556,10.3564625
6401,3004327565,arxiv cs ni,arxiv cs it,False,arxiv cs it,False,0.0640077,0.18427724,-0.52017,-4.6834273,29.007719,-14.3880415
6402,3004918942,arxiv cs cv,arxiv cs cv,True,arxiv cs cv,True,-0.29722333,-0.0013654828,-0.13623202,-9.518696,-11.519077,-15.390633
6403,3004933311,arxiv cs cc,arxiv cs cc,True,arxiv cs cc,True,0.5401375,0.63498586,0.85039157,0.9819003,24.666025,21.09311
6404,3005181748,arxiv cs fl,arxiv cs it,False,arxiv cs it,False,0.48794687,0.8499143,0.20146027,-16.11916,17.209675,10.448228
6405,3005222337,arxiv cs ai,arxiv cs gt,False,arxiv cs gt,False,-0.29950953,0.25668192,0.1865272,-8.994192,-10.800029,30.120537
6406,3005233248,arxiv cs cc,arxiv cs ds,False,arxiv cs lg,False,-0.15667683,0.63018006,0.069148436,-6.541583,6.2056284,16.638885
6407,3005393351,arxiv cs lg,arxiv cs lg,True,arxiv cs lg,True,-0.054926455,0.15173411,-0.51332086,-15.0695,-12.17107,25.607588
6408,3005700790,arxiv cs ai,arxiv cs lg,False,arxiv cs lg,False,0.89678276,0.1961705,0.1594026,8.289641,20.569365,-11.510497
6409,3005731330,arxiv cs cv,arxiv cs cv,True,arxiv cs cv,True,0.4094566,-0.38417816,0.13158315,17.935974,10.359679,-19.785833
6410,3006060560,arxiv cs cv,arxiv cs cv,True,arxiv cs cv,True,-0.64878035,-0.08273466,0.020322993,-6.844674,-26.150478,0.62846106
6411,3006125903,arxiv cs ro,arxiv cs lg,False,arxiv cs lg,False,-0.41567683,0.02626969,-0.24077505,-8.246536,-11.347729,-2.1405063
6412,3006340689,arxiv cs gt,arxiv cs gt,True,arxiv cs gt,True,-0.12379867,0.058065265,0.03939697,-12.224927,-4.3589735,3.6789696
6413,3006386401,arxiv cs sy,arxiv cs cv,False,arxiv cs ro,False,-0.31248692,0.121029116,-0.305613,5.610864,-4.9120064,6.9285426
6414,3006389092,arxiv cs ds,arxiv cs ds,True,arxiv cs ds,True,0.15287954,0.43218696,0.3467487,-11.275049,17.054558,17.2821
6415,3006486727,arxiv cs lg,arxiv cs cv,False,arxiv cs cv,False,0.43480086,-0.4179626,0.10284871,18.079477,12.668903,-5.443555
6416,3006668500,arxiv cs lg,arxiv cs lg,True,arxiv cs cv,False,-0.17153579,-0.23448505,0.09747168,1.1309724,-7.161765,-16.072098
6417,3006830222,arxiv cs it,arxiv cs cr,False,arxiv cs it,True,-0.4083085,-0.025176302,0.015882965,-14.597295,-20.044638,-19.52819
6418,3006834020,arxiv cs os,arxiv cs ai,False,arxiv cs lg,False,0.033707142,-0.1056992,-0.11271993,3.6717181,0.99221385,-2.6781948
6419,3006882295,arxiv cs lg,arxiv cs lg,True,arxiv cs lg,True,-0.021310449,0.1482133,-0.14276212,-22.373821,2.4322927,16.908813
6420,3007163505,arxiv cs lg,arxiv cs lg,True,arxiv cs lg,True,0.44530547,0.012245551,0.15914127,3.3801103,15.291241,8.357316
6421,3007188945,arxiv cs cv,arxiv cs cv,True,arxiv cs cv,True,0.00031089783,0.29308802,-0.49406064,6.7426944,-11.636701,21.531279
6422,3007308888,arxiv cs cl,arxiv cs cl,True,arxiv cs cl,True,0.20033622,-0.42858428,-0.062087633,16.924248,3.4850857,-11.742308
6423,3007533261,arxiv cs se,arxiv cs se,True,arxiv cs cr,False,-0.77302957,-0.057109877,0.27391878,-2.7949247,-23.239674,-14.210867
6424,3007745042,arxiv cs ai,arxiv cs lg,False,arxiv cs lg,False,-0.07699597,-0.0086989105,-0.052024722,0.3036989,-3.9749138,-5.0998306
6425,3007832234,arxiv cs lg,arxiv cs lg,True,arxiv cs lg,True,-0.18313187,-0.028339893,0.30807212,-30.895435,0.92020595,1.7914922
6426,3007845874,arxiv cs lg,arxiv cs cv,False,arxiv cs cv,False,0.37854123,0.054799758,0.44920394,1.0992129,-36.498386,7.824417
6427,3007964250,arxiv cs cv,arxiv cs cv,True,arxiv cs cv,True,0.07373327,-0.12976234,-0.21167377,2.8941748,-7.359576,20.44611
6428,3008001928,arxiv cs cv,arxiv cs cv,True,arxiv cs cv,True,-0.16363686,-0.36733675,-0.18948045,14.2031555,-8.797379,3.627402
6429,3008028508,arxiv cs cy,arxiv cs ai,False,arxiv cs ai,False,-0.021104038,0.14828102,0.25311497,-5.508309,4.7066226,23.190027
6430,3008191164,arxiv cs cr,arxiv cs lg,False,arxiv cs cv,False,-0.11630392,-0.09222959,0.0054019876,-26.996601,-10.296845,7.2073517
6431,3008221414,arxiv cs si,arxiv cs si,True,arxiv cs si,True,-0.6629745,-0.24430351,0.122915804,-3.1073034,-21.177086,-15.749997
6432,3008513726,arxiv cs lg,arxiv cs cv,False,arxiv cs cv,False,-0.21188903,-0.098617956,0.21287873,-11.984755,-9.953407,4.5610433
6433,3009143904,arxiv cs dc,arxiv cs lg,False,arxiv cs lg,False,0.23599708,-0.15407129,0.034282736,-14.45857,10.434331,-4.491974
6434,3010148210,arxiv cs lg,arxiv cs lg,True,arxiv cs lg,True,0.8805326,0.76097137,0.51361346,-17.580349,24.32409,12.68339
6435,3010312571,arxiv cs lg,arxiv cs lg,True,arxiv cs lg,True,0.40974903,-0.2253323,0.019470397,8.398585,26.989529,-6.4235406
6437,3010355169,arxiv cs cc,arxiv cs lo,False,arxiv cs lo,False,-0.2419343,0.11171891,0.44476897,-24.722584,-1.7586987,9.744818
6438,3010622649,arxiv cs cv,arxiv cs cv,True,arxiv cs cv,True,-0.47195542,0.28807342,0.06816219,4.8021092,-24.279821,6.792074
6439,3010769017,arxiv cs lo,arxiv cs lo,True,arxiv cs lo,True,-0.00079375505,0.44840467,0.30337033,-0.56198007,25.376774,15.623915
6440,3010789210,arxiv cs cv,arxiv cs cv,True,arxiv cs cv,True,-0.19016874,0.567169,-0.20716602,-7.1826777,-5.539131,27.998058
6441,3011336678,arxiv cs cv,arxiv cs cv,True,arxiv cs cv,True,0.1255393,0.1443481,-0.25271907,0.60570574,-0.2938357,15.751075
6442,3011505801,arxiv cs lg,arxiv cs ai,False,arxiv cs lg,True,0.4725207,-0.22265358,0.10165481,-15.256426,5.049471,5.65404
6443,3011546779,arxiv cs gr,arxiv cs cv,False,arxiv cs cv,False,-0.07745236,-0.3447066,-0.13865235,-0.49242285,-4.7918425,-0.31352141
6444,3011704652,arxiv cs ir,arxiv cs cv,False,arxiv cs cv,False,0.29495227,-0.5188975,0.054111417,21.781576,11.38291,-5.57278
6445,3011876202,arxiv cs cv,arxiv cs cv,True,arxiv cs cv,True,0.63720965,-0.8439741,-0.057870746,21.603615,14.945758,-13.82052
6446,3012507282,arxiv cs cl,arxiv cs cl,True,arxiv cs cl,True,-0.47955266,-0.59821707,0.33100963,22.498955,-13.10516,-17.272831
6793,2604327526,arxiv cs lo,arxiv cs ai,False,arxiv cs cl,False,-0.27956387,-0.05497685,0.60352695,17.100023,-23.374605,-6.232893
6904,2773221161,arxiv cs sy,arxiv cs sy,True,arxiv cs it,False,0.12549615,0.30156532,-0.04050573,-15.473709,13.033687,9.170656
6969,2798965501,arxiv cs lg,arxiv cs ds,False,arxiv cs lg,True,0.21916991,0.49016982,0.04504638,-2.5893726,18.517042,13.668909
6985,2805409127,arxiv cs cv,arxiv cs cv,True,arxiv cs cv,True,0.266618,-0.3754478,0.1721099,19.191706,9.015402,-22.997297
6990,2807648040,arxiv cs it,arxiv cs it,True,arxiv cs it,True,0.53051615,0.5079316,-0.5083956,-15.4346,25.162634,-5.447562
7000,2811511485,arxiv cs cv,arxiv cs lg,False,arxiv cs cv,True,-0.29086137,-0.30821186,0.060320392,6.6196184,-13.489584,-3.556275
7058,2901107694,arxiv cs ai,arxiv cs gt,False,arxiv cs ai,True,-0.6292999,0.092317365,-0.00015186518,9.2876215,-20.126852,-22.714865
7068,2903336977,arxiv cs gr,arxiv cs cv,False,arxiv cs cv,False,0.11122519,-0.015331119,-0.23736408,10.412952,7.7545867,17.004683
7069,2903861722,arxiv cs cv,arxiv cs cv,True,arxiv cs cv,True,0.10121244,-0.318874,-0.029100828,9.436854,-0.67593366,-5.5819106
7080,2907379776,arxiv cs dc,arxiv cs it,False,arxiv cs it,False,0.13417101,0.28390485,-0.060170583,-10.83199,11.848037,8.734251
7082,2907715846,arxiv cs cv,arxiv cs cv,True,arxiv cs cv,True,-0.14226902,-0.016253874,-0.24079832,6.6663165,0.01172757,4.3834977
7084,2908737739,arxiv cs lg,arxiv cs lg,True,arxiv cs lg,True,-0.30794433,0.16048679,-0.35653025,-12.912037,-2.1484556,8.1833725
7085,2908991417,arxiv cs sd,arxiv cs cv,False,arxiv cs it,False,0.3593626,0.12214099,-0.097574405,-4.5567465,13.556428,-1.0945871
7086,2909257811,arxiv cs cv,arxiv cs cv,True,arxiv cs cv,True,-0.09299791,0.075965986,-0.30722892,-11.204283,-20.857096,21.17971
7087,2909409486,arxiv cs pf,arxiv cs ni,False,arxiv cs ni,False,0.06587666,0.31458786,-0.20564121,-18.097105,18.871489,-18.084364
7088,2910488797,arxiv cs ro,arxiv cs cv,False,arxiv cs cv,False,-0.039971173,-0.55012184,0.1351535,33.195976,-10.063524,-0.6440157
7090,2911655849,arxiv cs cl,arxiv cs cl,True,arxiv cs cl,True,-0.22444677,-0.90427125,1.2197527,20.716269,-5.7992525,-11.055496
7091,2911900930,arxiv cs cr,arxiv cs cr,True,arxiv cs cr,True,-0.069323,-0.1345746,-0.41271478,-10.4714155,4.6522183,-14.083863
7092,2912912135,arxiv cs ro,arxiv cs lg,False,arxiv cs lg,False,0.12642711,-0.41945815,-0.2858087,-10.192856,11.737004,-20.40711
7093,2912956372,arxiv cs lg,arxiv cs lg,True,arxiv cs cv,False,0.35287988,-0.11477913,-0.0017078966,-18.093039,6.6686444,7.0413837
7095,2913384670,arxiv cs sd,arxiv cs cl,False,arxiv cs cl,False,-0.03225714,-0.55956966,0.13769345,11.915662,-6.877881,-9.842426
7096,2913994128,arxiv cs it,arxiv cs it,True,arxiv cs it,True,0.2958145,0.5608257,0.18557623,2.0575407,9.50236,19.999245
7097,2914012070,arxiv cs lg,arxiv cs lg,True,arxiv cs lg,True,-0.074246645,0.3784508,0.05972471,-21.690042,19.192959,-1.7370251
7098,2914238185,arxiv cs cv,arxiv cs cv,True,arxiv cs cv,True,0.12332815,0.44951594,0.1309497,-10.578305,5.988635,32.684444
7099,2914523114,arxiv cs it,arxiv cs it,True,arxiv cs it,True,0.04354298,0.27929592,-0.5682553,-9.835435,30.669151,-7.8344364
7100,2914587346,arxiv cs mm,arxiv cs si,False,arxiv cs si,False,-0.30973968,0.05481437,-0.33888614,-2.790711,-13.3468895,3.077584
7101,2914625582,arxiv cs pl,arxiv cs lg,False,arxiv cs ai,False,-0.3432141,0.23115924,-0.06055265,-4.1685348,-20.230038,22.432367
7102,2914698573,arxiv cs cv,arxiv cs cv,True,arxiv cs cv,True,-0.04152322,0.13866061,-0.30958351,10.505844,-2.993525,8.178565
7103,2914935482,arxiv cs ai,arxiv cs lg,False,arxiv cs cv,False,-0.74666405,-0.27599812,0.98976934,-0.3361855,-21.194916,-26.079708
7104,2915442275,arxiv cs lg,arxiv cs lg,True,arxiv cs cv,False,0.006687343,0.0135593265,-0.17900395,-15.771005,6.265216,10.291042
7105,2916093327,arxiv cs cv,arxiv cs cv,True,arxiv cs cv,True,0.14110786,-0.09543921,0.057052214,-16.970303,-6.7181163,6.0452123
7106,2916880229,arxiv cs lg,arxiv cs lg,True,arxiv cs lg,True,0.5117228,-0.33140332,0.18392465,23.038094,18.023159,11.449276
7107,2916959999,arxiv cs cv,arxiv cs cv,True,arxiv cs cv,True,0.11516452,-0.17624424,-0.15398753,-3.3331015,-8.822936,6.5361824
7108,2917028965,arxiv cs lg,arxiv cs lg,True,arxiv cs cv,False,0.11672473,0.09800195,0.042065106,-10.784622,1.4600898,8.2736025
7109,2917050357,arxiv cs se,arxiv cs se,True,arxiv cs se,True,-0.21750218,-0.33726656,-0.15835401,-22.21416,-5.286425,-12.068562
7110,2917226841,arxiv cs it,arxiv cs it,True,arxiv cs it,True,0.03496605,0.24234521,-0.4854775,-0.9052671,26.528343,-10.502697
7111,2917233393,arxiv cs cv,arxiv cs cv,True,arxiv cs cv,True,0.69955015,0.10046235,-0.480555,0.33036563,8.776208,-17.507593
7112,2917913215,arxiv cs cr,arxiv cs cr,True,arxiv cs lo,False,-0.19277817,-0.023198038,0.20550054,-6.116684,-5.8831472,-4.000243
7113,2918116385,arxiv cs hc,arxiv cs db,False,arxiv cs si,False,-0.49185494,0.013791874,-0.02022732,-0.7614934,-17.614311,-0.7849777
7114,2918767742,arxiv cs ds,arxiv cs it,False,arxiv cs it,False,0.76331604,0.4767186,0.1662794,-16.558586,27.638796,6.6979895
7115,2919049559,arxiv cs ro,arxiv cs cv,False,arxiv cs ro,True,-0.15316248,0.50588036,-0.41591716,-11.161935,-12.864537,22.127573
7116,2919888707,arxiv cs it,arxiv cs it,True,arxiv cs it,True,0.328763,0.74391854,0.608565,-1.4809935,23.884512,27.787151
7117,2920064193,arxiv cs cv,arxiv cs cv,True,arxiv cs cv,True,0.075469434,0.0022338927,-0.45057762,6.608152,5.2894697,15.733267
7118,2920894585,arxiv cs hc,arxiv cs cl,False,arxiv cs cl,False,-0.46289042,-0.30629796,-0.19120952,-20.534676,-21.782185,-6.7562594
7119,2921343014,arxiv cs cv,arxiv cs cv,True,arxiv cs cv,True,0.14291102,0.2040619,0.016775172,-12.948945,1.4835159,13.418244
7120,2921507079,arxiv cs sy,arxiv cs ni,False,arxiv cs ni,False,-0.17445886,0.17782484,-0.4814502,-9.745242,17.999447,-11.490109
7121,2921647295,arxiv cs ni,arxiv cs ni,True,arxiv cs ni,True,0.2718538,0.20775542,-0.11930124,-12.215019,15.189985,1.2028934
7122,2921792125,arxiv cs si,arxiv cs lg,False,arxiv cs lg,False,0.008435667,0.012959361,0.37467274,8.675944,20.402746,19.301903
7123,2922009206,arxiv cs si,arxiv cs gt,False,arxiv cs ds,False,-0.52683115,-0.075171694,0.18471482,-5.2955856,-7.501735,-31.147354
7124,2922595719,arxiv cs cv,arxiv cs cv,True,arxiv cs cv,True,0.17170262,0.26421943,0.076714836,3.5528684,7.435887,-23.131945
7125,2922909722,arxiv cs pl,arxiv cs cr,False,arxiv cs dc,False,-0.7437314,0.057924956,0.052212164,-2.2221708,-27.066916,0.12772927
7126,2923316566,arxiv cs cv,arxiv cs cv,True,arxiv cs cv,True,0.21011752,-0.052529886,0.047548756,10.751337,14.647673,4.9955735
7127,2923506011,arxiv cs sy,arxiv cs it,False,arxiv cs it,False,0.6112076,0.4277763,0.3913204,-9.365756,22.106659,9.44197
7128,2924096267,arxiv cs cv,arxiv cs cv,True,arxiv cs cv,True,0.020199955,-0.26898426,-0.3584149,21.871908,-1.7068228,11.766321
7129,2924509970,arxiv cs lg,arxiv cs it,False,arxiv cs it,False,0.42085016,0.35970324,-0.014848016,-13.870517,14.407611,7.062074
7130,2924793069,arxiv cs lg,arxiv cs lg,True,arxiv cs lg,True,0.8188995,-0.6426238,0.36006024,9.569401,16.19194,-17.336538
7131,2925224814,arxiv cs cl,arxiv cs cl,True,arxiv cs cl,True,0.03839451,0.01063475,0.082847,-12.027958,-8.295165,12.442241
7133,2928059219,arxiv cs cv,arxiv cs cv,True,arxiv cs cv,True,-0.2661597,-0.41687644,-0.09117911,-4.765533,-37.54983,-0.7656172
7134,2929522655,arxiv cs it,arxiv cs it,True,arxiv cs it,True,0.16260856,0.1938412,-0.49665874,-11.928949,19.704235,-9.483844
7135,2931627411,arxiv cs cv,arxiv cs cv,True,arxiv cs cv,True,0.07926977,-0.46354514,0.045995437,16.09772,8.217339,-13.827492
7136,2931993367,arxiv cs cr,arxiv cs cl,False,arxiv cs cv,False,-0.20163792,-0.73050165,0.047154315,-0.6005215,-31.28264,-18.04842
7138,2932316726,arxiv cs it,arxiv cs it,True,arxiv cs it,True,-0.121035814,0.46438652,-0.62808305,-4.258238,30.721956,-8.318035
7139,2934670393,arxiv cs cv,arxiv cs cv,True,arxiv cs cv,True,0.35929418,-0.17350002,-0.3792868,20.959242,3.3098493,15.469004
7140,2935019976,arxiv cs ro,arxiv cs cv,False,arxiv cs cv,False,-0.12916625,-0.17771502,-0.603853,9.890737,-14.16897,20.198053
7141,2935237481,arxiv cs db,arxiv cs lg,False,arxiv cs lg,False,-0.19774586,-0.55525064,0.47422364,4.158759,-6.6219826,-10.926614
7142,2935925868,arxiv cs cv,arxiv cs cv,True,arxiv cs cv,True,-0.43210265,0.107123666,-0.05797466,4.137795,-22.214157,7.2089934
7143,2936723802,arxiv cs ne,arxiv cs cv,False,arxiv cs cv,False,0.4563043,0.071108796,-0.33063558,1.2979916,8.400368,-3.2483125
7145,2938421504,arxiv cs lg,arxiv cs lg,True,arxiv cs lg,True,-0.1470539,-0.21930178,0.05883717,9.956056,-4.712291,2.6146715
7146,2938637978,arxiv cs cv,arxiv cs cv,True,arxiv cs cv,True,0.42395627,0.23144636,-0.10625363,3.5484586,19.673368,10.25994
7147,2938945876,arxiv cs lo,arxiv cs lo,True,arxiv cs lo,True,-0.31575677,0.53897625,0.38855758,0.98053104,10.9721365,30.275974
7148,2939991526,arxiv cs lo,arxiv cs lo,True,arxiv cs lo,True,0.10927874,0.49759609,-0.2241768,1.4756088,29.327353,-9.196028
7149,2940208427,arxiv cs ce,arxiv cs se,False,arxiv cs se,False,-0.29164502,-0.077963874,-0.1830687,-3.962756,-6.685807,-12.4739275
7150,2940691619,arxiv cs sy,arxiv cs ro,False,arxiv cs ro,False,0.3081534,-0.39359754,-0.45740098,13.554905,12.096957,20.63531
7152,2940906447,arxiv cs hc,arxiv cs si,False,arxiv cs ai,False,-0.5225497,0.21719253,-0.22658399,2.2925735,-21.240534,13.203087
7153,2940996152,arxiv cs se,arxiv cs ai,False,arxiv cs ai,False,0.24124038,0.25319302,0.29364857,-21.328184,4.331513,10.56451
7154,2941044098,arxiv cs cv,arxiv cs cv,True,arxiv cs cv,True,-0.1785472,-0.17829187,-0.41282696,11.778813,-12.966417,15.539907
7155,2941638628,arxiv cs cv,arxiv cs cv,True,arxiv cs cv,True,0.07630193,-0.29261827,-0.08180649,13.350037,4.567747,-0.19671145
7156,2941771129,arxiv cs cr,arxiv cs si,False,arxiv cs cv,False,-0.2225815,-0.12001385,-0.20024812,1.0612831,-5.5819063,2.9185965
7157,2942236412,arxiv cs cl,arxiv cs cl,True,arxiv cs cl,True,-0.36991867,-0.08245404,0.23746192,15.578378,-21.637972,0.5727373
7158,2942906518,arxiv cs cg,arxiv cs ds,False,arxiv cs ds,False,0.8049046,0.90219873,-0.035788044,-19.200586,24.126745,6.3666954
7159,2942979145,arxiv cs cv,arxiv cs cv,True,arxiv cs cv,True,0.20023853,-0.24674855,-0.21348742,10.188434,7.390726,-6.8064656
7160,2943058657,arxiv cs lg,arxiv cs cv,False,arxiv cs cv,False,0.026352525,-0.0060346723,0.05518966,-0.5084881,4.0329394,-20.955421
7161,2943388400,arxiv cs it,arxiv cs it,True,arxiv cs it,True,-0.024784803,0.5688643,0.68064964,-6.6256614,18.10427,24.731575
7162,2943642558,arxiv cs lg,arxiv cs lg,True,arxiv cs lg,True,0.24438179,-0.09019332,-0.0045431927,28.30185,15.646766,1.339112
7163,2943697196,arxiv cs it,arxiv cs it,True,arxiv cs it,True,0.43525982,0.051395252,-0.5023193,-22.183779,14.933337,-12.210033
7164,2943766373,arxiv cs cl,arxiv cs cl,True,arxiv cs cl,True,-0.1876136,-0.3691973,0.050651155,20.941313,-12.790306,-3.4828665
7165,2944129278,arxiv cs ro,arxiv cs lg,False,arxiv cs lg,False,0.28083742,-0.07739593,0.22457442,11.764511,2.9159367,-15.088891
7166,2944153131,arxiv cs ai,arxiv cs si,False,arxiv cs ai,True,-0.78602636,-0.24701579,0.1635679,-7.365567,-22.061836,-11.227327
7167,2944849037,arxiv cs ni,arxiv cs ni,True,arxiv cs it,False,-0.05467224,0.23438644,-0.22596592,-0.38041323,30.694193,-0.2310727
7168,2944892819,arxiv cs lg,arxiv cs lg,True,arxiv cs lg,True,0.5925373,-0.24792795,-0.07822647,16.97825,8.237355,-18.266975
7169,2944950190,arxiv cs cv,arxiv cs cv,True,arxiv cs cv,True,-0.0775184,-0.31750733,-0.034792192,17.005558,-11.214028,-1.9225608
7170,2944978536,arxiv cs ne,arxiv cs cv,False,arxiv cs cv,False,0.013647437,-0.029716447,-0.0029424876,-14.285767,-9.212464,3.5855637
